,replay_file,win,race,enemy_race,mmr,enemy_mmr,enemy_nickame,map_name,duration,mmr_diff
2019-09-11 15:22:43+00:00,/home/dominik/Links/SC2Reps/Triton LE.SC2Replay,True,Protoss,Terran,-36400,2806,winstrol,Triton LE,478,-39206
2019-09-11 15:35:39+00:00,/home/dominik/Links/SC2Reps/Disco Bloodbath LE.SC2Replay,True,Zerg,Zerg,-36400,2505,OtecAnisim,Disco Bloodbath LE,682,-38905
2019-09-12 10:42:41+00:00,/home/dominik/Links/SC2Reps/Thunderbird LE.SC2Replay,True,Protoss,Terran,-36400,2179,ujptm,Thunderbird LE,729,-38579
2019-09-12 10:53:37+00:00,/home/dominik/Links/SC2Reps/World of Sleepers LE.SC2Replay,True,Protoss,Terran,-36400,2535,&lt;klko&gt;<sp/>marauder,World of Sleepers LE,522,-38935
2019-09-12 16:28:28+00:00,/home/dominik/Links/SC2Reps/Thunderbird LE (2).SC2Replay,True,Protoss,Terran,-36400,2829,Toidak,Thunderbird LE,515,-39229
2019-09-13 20:52:33+00:00,/home/dominik/Links/SC2Reps/Ephemeron LE.SC2Replay,True,Protoss,Terran,-36400,2978,oldmannap,Ephemeron LE,667,-39378
2019-09-14 07:10:24+00:00,/home/dominik/Links/SC2Reps/Triton LE (2).SC2Replay,True,Protoss,Terran,-36400,3303,Gulgorf,Triton LE,948,-39703
2019-09-17 19:00:36+00:00,/home/dominik/Links/SC2Reps/Acropolis LE.SC2Replay,True,Zerg,Protoss,-36400,2554,Aertemis,Acropolis LE,373,-38954
2019-09-23 16:05:15+00:00,/home/dominik/Links/SC2Reps/Triton LE (3).SC2Replay,True,Protoss,Zerg,-36400,3335,leChrist,Triton LE,842,-39735
2019-09-24 16:17:17+00:00,/home/dominik/Links/SC2Reps/World of Sleepers LE (2).SC2Replay,True,Protoss,Zerg,-36400,4681,&lt;FxL&gt;<sp/>VokinLoksar,World of Sleepers LE,519,-41081
2019-09-24 16:26:09+00:00,/home/dominik/Links/SC2Reps/Thunderbird LE (3).SC2Replay,True,Zerg,Terran,-36400,2539,Ayals,Thunderbird LE,479,-38939
2019-09-25 16:36:01+00:00,/home/dominik/Links/SC2Reps/Thunderbird LE (4).SC2Replay,True,Protoss,Terran,-36400,3515,HeadAge,Thunderbird LE,910,-39915
2019-09-25 16:49:17+00:00,/home/dominik/Links/SC2Reps/Acropolis LE (2).SC2Replay,True,Zerg,Protoss,-36400,-36400,grishaadf,Acropolis LE,473,0
2019-09-26 10:06:38+00:00,/home/dominik/Links/SC2Reps/Acropolis LE (3).SC2Replay,True,Zerg,Zerg,-36400,3001,&lt;SAZZ&gt;<sp/>LINUSWES,Acropolis LE,361,-39401
2019-09-26 17:21:45+00:00,/home/dominik/Links/SC2Reps/Acropolis LE (4).SC2Replay,True,Zerg,Terran,-36400,3338,&lt;oooboy&gt;<sp/>Ojtech,Acropolis LE,945,-39738
2019-10-04 11:08:46+00:00,/home/dominik/Links/SC2Reps/Disco Bloodbath LE (2).SC2Replay,True,Zerg,Protoss,-36400,3412,NikkooO,Disco Bloodbath LE,577,-39812
2019-10-05 09:12:10+00:00,/home/dominik/Links/SC2Reps/World of Sleepers LE (3).SC2Replay,True,Protoss,Zerg,-36400,3674,&lt;TLBK&gt;<sp/>Nightly,World of Sleepers LE,755,-40074
2019-10-06 12:23:56+00:00,/home/dominik/Links/SC2Reps/Acropolis LE (5).SC2Replay,True,Protoss,Protoss,3751,3726,MJM,Acropolis LE,2,25
2019-10-06 12:36:36+00:00,/home/dominik/Links/SC2Reps/World of Sleepers LE (4).SC2Replay,True,Protoss,Protoss,3826,3748,vasea,World of Sleepers LE,743,78
2019-10-08 19:28:16+00:00,/home/dominik/Links/SC2Reps/World of Sleepers LE (5).SC2Replay,True,Zerg,Zerg,2800,2751,FullmetalRak,World of Sleepers LE,546,49
2019-10-08 19:33:28+00:00,/home/dominik/Links/SC2Reps/Ephemeron LE (2).SC2Replay,False,Protoss,Protoss,3893,3946,Wavelength,Ephemeron LE,254,-53
2019-10-09 19:03:59+00:00,/home/dominik/Links/SC2Reps/Acropolis LE (6).SC2Replay,True,Zerg,Terran,2960,2981,KerMiTe,Acropolis LE,538,-21
2019-10-09 19:06:50+00:00,/home/dominik/Links/SC2Reps/Winter's Gate LE.SC2Replay,False,Zerg,Protoss,3125,3136,Justify,Winter's Gate LE,137,-11
2019-10-09 19:24:28+00:00,/home/dominik/Links/SC2Reps/Thunderbird LE (5).SC2Replay,True,Zerg,Protoss,2855,2800,Decadance,Thunderbird LE,830,55
2019-10-10 07:41:27+00:00,/home/dominik/Links/SC2Reps/Winter's Gate LE (2).SC2Replay,False,Protoss,Zerg,3828,3802,PereiRa,Winter's Gate LE,45,26
2019-10-10 07:55:19+00:00,/home/dominik/Links/SC2Reps/Thunderbird LE (6).SC2Replay,True,Protoss,Zerg,3760,3816,&lt;PROOO&gt;<sp/>Jesperpro,Thunderbird LE,801,-56
2019-10-10 20:42:11+00:00,/home/dominik/Links/SC2Reps/Acropolis LE (7).SC2Replay,True,Protoss,Protoss,3827,3701,Pippuri,Acropolis LE,697,126
2019-10-11 09:19:52+00:00,/home/dominik/Links/SC2Reps/Winter's Gate LE (3).SC2Replay,True,Zerg,Terran,2952,-36400,indy,Winter's Gate LE,696,39352
2019-10-12 14:14:32+00:00,/home/dominik/Links/SC2Reps/Ephemeron LE (3).SC2Replay,False,Zerg,Protoss,3053,3060,&lt;LSDW&gt;<sp/>kaboum,Ephemeron LE,497,-7
2019-10-12 14:27:06+00:00,/home/dominik/Links/SC2Reps/Ephemeron LE (4).SC2Replay,True,Zerg,Protoss,2866,2887,PycckuuXAKEP,Ephemeron LE,502,-21
2019-10-14 19:10:22+00:00,/home/dominik/Links/SC2Reps/Thunderbird LE (7).SC2Replay,True,Zerg,Protoss,2956,2956,IIIIIIIIIIII,Thunderbird LE,843,0
2019-10-14 19:15:57+00:00,/home/dominik/Links/SC2Reps/Triton LE (5).SC2Replay,False,Protoss,Protoss,3878,3861,Supermaru,Triton LE,240,17
2019-10-14 19:45:44+00:00,/home/dominik/Links/SC2Reps/Acropolis LE (8).SC2Replay,True,Zerg,Terran,3039,3074,RoBoT,Acropolis LE,650,-35
2019-10-20 16:35:03+00:00,/home/dominik/Links/SC2Reps/Ephemeron LE (5).SC2Replay,True,Zerg,Zerg,3119,3079,greg,Ephemeron LE,613,40
2019-10-21 11:14:30+00:00,/home/dominik/Links/SC2Reps/Acropolis LE (9).SC2Replay,True,Protoss,Zerg,3819,3907,&lt;IDLK&gt;<sp/>jasben,Acropolis LE,590,-88
2019-10-21 11:46:27+00:00,/home/dominik/Links/SC2Reps/Thunderbird LE (8).SC2Replay,False,Zerg,Protoss,3185,3122,AcahCruv,Thunderbird LE,620,63
2019-10-22 11:34:42+00:00,/home/dominik/Links/SC2Reps/Ephemeron LE (6).SC2Replay,False,Protoss,Protoss,3881,4066,&lt;НТТ&gt;<sp/>SPQR,Ephemeron LE,209,-185
2019-10-22 11:42:30+00:00,/home/dominik/Links/SC2Reps/World of Sleepers LE (6).SC2Replay,True,Protoss,Protoss,3840,3757,NiGHTKiNG,World of Sleepers LE,453,83
2019-10-22 12:04:14+00:00,/home/dominik/Links/SC2Reps/Acropolis LE (10).SC2Replay,False,Protoss,Zerg,3885,4350,&lt;МД86&gt;<sp/>Moldovanin,Acropolis LE,187,-465
2019-10-22 12:19:39+00:00,/home/dominik/Links/SC2Reps/Acropolis LE (11).SC2Replay,False,Protoss,Zerg,3862,3964,Zergorix,Acropolis LE,891,-102
2019-10-29 09:14:41+00:00,/home/dominik/Links/SC2Reps/Triton LE (6).SC2Replay,True,Protoss,Protoss,3881,-36400,teror,Triton LE,455,40281
2019-10-29 09:32:19+00:00,/home/dominik/Links/SC2Reps/World of Sleepers LE (7).SC2Replay,True,Protoss,Zerg,3821,3894,Tomaso,World of Sleepers LE,684,-73
2019-10-29 11:14:53+00:00,/home/dominik/Links/SC2Reps/Triton LE (7).SC2Replay,True,Protoss,Protoss,3871,2981,YellowCoke,Triton LE,1,890
2019-10-29 11:20:33+00:00,/home/dominik/Links/SC2Reps/Thunderbird LE (9).SC2Replay,False,Protoss,Protoss,3915,3932,abelian,Thunderbird LE,320,-17
2019-10-29 11:28:05+00:00,/home/dominik/Links/SC2Reps/Thunderbird LE (10).SC2Replay,False,Protoss,Protoss,3873,3952,abelian,Thunderbird LE,383,-79
2019-10-29 11:42:15+00:00,/home/dominik/Links/SC2Reps/Triton LE (8).SC2Replay,False,Protoss,Terran,3836,3955,llllllllllll,Triton LE,758,-119
2019-10-29 18:17:37+00:00,/home/dominik/Links/SC2Reps/Disco Bloodbath LE (3).SC2Replay,False,Protoss,Zerg,3802,3912,beh,Disco Bloodbath LE,288,-110
2019-10-29 18:18:43+00:00,/home/dominik/Links/SC2Reps/Thunderbird LE (11).SC2Replay,False,Protoss,Zerg,3767,3740,Hannibal,Thunderbird LE,10,27
2019-10-29 18:34:48+00:00,/home/dominik/Links/SC2Reps/World of Sleepers LE (8).SC2Replay,True,Protoss,Zerg,3728,3744,&lt;Dobro&gt;<sp/>пиражок,World of Sleepers LE,911,-16
2019-10-30 06:51:48+00:00,/home/dominik/Links/SC2Reps/Ephemeron LE (7).SC2Replay,True,Protoss,Protoss,3881,-36400,&lt;WPGG&gt;<sp/>Destructor,Ephemeron LE,18,40281
2019-10-30 07:06:31+00:00,/home/dominik/Links/SC2Reps/Ephemeron LE (8).SC2Replay,True,Protoss,Terran,3881,3492,Paulie,Ephemeron LE,548,389
2019-10-31 18:12:23+00:00,/home/dominik/Links/SC2Reps/Acropolis LE (12).SC2Replay,False,Protoss,Terran,3881,4642,Tyson,Acropolis LE,49,-761
2019-10-31 18:19:19+00:00,/home/dominik/Links/SC2Reps/Acropolis LE (13).SC2Replay,False,Zerg,Protoss,3109,3109,minbear,Acropolis LE,115,0
2019-10-31 18:26:16+00:00,/home/dominik/Links/SC2Reps/Acropolis LE (14).SC2Replay,False,Zerg,Zerg,3042,3078,Rwzzz,Acropolis LE,218,-36
2019-10-31 18:41:02+00:00,/home/dominik/Links/SC2Reps/World of Sleepers LE (9).SC2Replay,True,Zerg,Protoss,2982,2987,Anarazel,World of Sleepers LE,863,-5
2019-10-31 18:55:16+00:00,/home/dominik/Links/SC2Reps/Acropolis LE (15).SC2Replay,False,Protoss,Zerg,3766,3756,Granaatappel,Acropolis LE,777,10
2019-10-31 19:07:25+00:00,/home/dominik/Links/SC2Reps/Disco Bloodbath LE (4).SC2Replay,False,Protoss,Terran,3730,3664,&lt;IndyK&gt;<sp/>Sven,Disco Bloodbath LE,381,66
2019-11-01 09:05:49+00:00,/home/dominik/Links/SC2Reps/Triton LE (9).SC2Replay,True,Protoss,Zerg,3691,3769,&lt;NerCC&gt;<sp/>speck,Triton LE,943,-78
2019-11-01 09:15:52+00:00,/home/dominik/Links/SC2Reps/Ephemeron LE (9).SC2Replay,False,Protoss,Zerg,3729,3871,Ghalib,Ephemeron LE,552,-142
2019-11-01 10:57:15+00:00,/home/dominik/Links/SC2Reps/World of Sleepers LE (10).SC2Replay,True,Zerg,Terran,3043,2917,Varrag,World of Sleepers LE,1153,126
2019-11-01 11:09:16+00:00,/home/dominik/Links/SC2Reps/Triton LE (10).SC2Replay,True,Zerg,Zerg,3092,3045,dabo,Triton LE,673,47
2019-11-01 11:30:59+00:00,/home/dominik/Links/SC2Reps/Acropolis LE (16).SC2Replay,True,Zerg,Terran,3144,3128,AUzg,Acropolis LE,1076,16
2019-11-01 11:53:00+00:00,/home/dominik/Links/SC2Reps/World of Sleepers LE (11).SC2Replay,False,Zerg,Terran,3196,3190,Wormzor,World of Sleepers LE,1280,6
2019-11-01 13:31:50+00:00,/home/dominik/Links/SC2Reps/Acropolis LE (17).SC2Replay,False,Zerg,Terran,3145,3153,qwe,Acropolis LE,727,-8
2019-11-01 13:38:34+00:00,/home/dominik/Links/SC2Reps/Triton LE (11).SC2Replay,False,Zerg,Terran,3096,3156,Gladiator,Triton LE,373,-60
2019-11-01 13:42:38+00:00,/home/dominik/Links/SC2Reps/Acropolis LE (18).SC2Replay,False,Protoss,Protoss,3696,3631,&lt;PiGPan&gt;<sp/>Garethax,Acropolis LE,198,65
2019-11-01 14:22:03+00:00,/home/dominik/Links/SC2Reps/Triton LE (12).SC2Replay,True,Zerg,Terran,3052,3156,&lt;ZЕRGML&gt;<sp/>Федя,Triton LE,739,-104
2019-11-01 14:28:00+00:00,/home/dominik/Links/SC2Reps/Disco Bloodbath LE (5).SC2Replay,False,Zerg,Zerg,3104,3140,&lt;THUT&gt;<sp/>Vladosik,Disco Bloodbath LE,262,-36
2019-11-02 17:45:05+00:00,/home/dominik/Links/SC2Reps/Disco Bloodbath LE (6).SC2Replay,True,Protoss,Protoss,3661,3631,KKroer,Disco Bloodbath LE,585,30
2019-11-02 17:46:00+00:00,/home/dominik/Links/SC2Reps/Disco Bloodbath LE (7).SC2Replay,True,Protoss,Zerg,3691,3606,&lt;Aǂmove&gt;<sp/>AmoveZerg,Disco Bloodbath LE,2,85
2019-11-02 17:51:37+00:00,/home/dominik/Links/SC2Reps/Triton LE (13).SC2Replay,False,Protoss,Zerg,3718,3685,Hazard,Triton LE,256,33
2019-11-02 17:55:38+00:00,/home/dominik/Links/SC2Reps/Triton LE (14).SC2Replay,False,Protoss,Zerg,3688,3626,Pleydellia,Triton LE,162,62
2019-11-02 18:05:44+00:00,/home/dominik/Links/SC2Reps/Ephemeron LE (10).SC2Replay,False,Protoss,Zerg,0,0,A.I. 1 (Very Easy),Ephemeron LE,23,0
2019-11-02 20:06:36+00:00,/home/dominik/Links/SC2Reps/Disco Bloodbath LE (8).SC2Replay,True,Protoss,Terran,3655,3647,lllllll,Disco Bloodbath LE,797,8
2019-11-02 20:15:14+00:00,/home/dominik/Links/SC2Reps/World of Sleepers LE (12).SC2Replay,True,Protoss,Terran,3684,3626,lllllll,World of Sleepers LE,470,58
2019-11-02 20:29:06+00:00,/home/dominik/Links/SC2Reps/World of Sleepers LE (13).SC2Replay,True,Protoss,Terran,3711,3736,&lt;PiGPan&gt;<sp/>Noose,World of Sleepers LE,796,-25
2019-11-03 11:18:56+00:00,/home/dominik/Links/SC2Reps/Acropolis LE (20).SC2Replay,True,Protoss,Terran,3740,3784,&lt;DaGOAT&gt;<sp/>Sinus,Acropolis LE,352,-44
2019-11-03 11:35:01+00:00,/home/dominik/Links/SC2Reps/Triton LE (15).SC2Replay,True,Protoss,Terran,3769,3856,&lt;LESeV&gt;<sp/>iceclaw,Triton LE,932,-87
2019-11-04 20:40:48+00:00,/home/dominik/Links/SC2Reps/Acropolis LE (21).SC2Replay,True,Protoss,Terran,3799,3866,&lt;FreeHK&gt;<sp/>jellun,Acropolis LE,455,-67
2019-11-04 20:46:24+00:00,/home/dominik/Links/SC2Reps/Ephemeron LE (11).SC2Replay,False,Protoss,Zerg,3825,3847,North,Ephemeron LE,311,-22
2019-11-04 20:53:20+00:00,/home/dominik/Links/SC2Reps/Disco Bloodbath LE (9).SC2Replay,False,Protoss,Terran,3800,3883,&lt;MiClan&gt;<sp/>MiSHANYA,Disco Bloodbath LE,396,-83
2019-11-04 20:57:05+00:00,/home/dominik/Links/SC2Reps/World of Sleepers LE (14).SC2Replay,False,Protoss,Protoss,3777,3761,IIIIIIIIIIII,World of Sleepers LE,182,16
2019-11-05 18:35:35+00:00,/home/dominik/Links/SC2Reps/World of Sleepers LE (16).SC2Replay,True,Protoss,Zerg,3752,3686,Fleetz,World of Sleepers LE,777,66
2019-11-05 18:43:20+00:00,/home/dominik/Links/SC2Reps/Ephemeron LE (12).SC2Replay,False,Protoss,Protoss,3774,3827,&lt;XsR&gt;<sp/>Ajotaele,Ephemeron LE,426,-53
2019-11-05 18:48:41+00:00,/home/dominik/Links/SC2Reps/Ephemeron LE (13).SC2Replay,True,Protoss,Protoss,3752,3771,&lt;dumbfu&gt;<sp/>cheesus,Ephemeron LE,259,-19
2019-11-05 18:58:24+00:00,/home/dominik/Links/SC2Reps/World of Sleepers LE (17).SC2Replay,True,Protoss,Zerg,3776,3752,smthFISHYcmg,World of Sleepers LE,546,24
2019-11-06 21:43:25+00:00,/home/dominik/Links/SC2Reps/Disco Bloodbath LE (10).SC2Replay,True,Protoss,Zerg,3798,3803,ProtoZZavr,Disco Bloodbath LE,551,-5
2019-11-07 18:09:53+00:00,/home/dominik/Links/SC2Reps/Acropolis LE (22).SC2Replay,False,Zerg,Zerg,3062,3068,FABBZH,Acropolis LE,429,-6
2019-11-07 18:24:02+00:00,/home/dominik/Links/SC2Reps/Ephemeron LE (14).SC2Replay,True,Zerg,Protoss,3019,2890,Icecöld,Ephemeron LE,830,129
2019-11-08 09:33:36+00:00,/home/dominik/Links/SC2Reps/World of Sleepers LE (18).SC2Replay,True,Protoss,Zerg,3821,3922,Zend,World of Sleepers LE,944,-101
2019-11-12 09:42:59+00:00,/home/dominik/Links/SC2Reps/Acropolis LE (23).SC2Replay,True,Protoss,Protoss,3847,3888,&lt;UATeam&gt;<sp/>click,Acropolis LE,723,-41
2019-11-12 09:49:52+00:00,/home/dominik/Links/SC2Reps/World of Sleepers LE (19).SC2Replay,True,Protoss,Terran,3870,3900,midhigh,World of Sleepers LE,363,-30
2019-11-12 10:06:52+00:00,/home/dominik/Links/SC2Reps/World of Sleepers LE (20).SC2Replay,True,Protoss,Terran,3890,3962,Paulie,World of Sleepers LE,1005,-72
2019-11-17 09:52:24+00:00,/home/dominik/Links/SC2Reps/Triton LE (16).SC2Replay,False,Zerg,Protoss,3054,3062,Unity,Triton LE,592,-8
2019-11-17 09:58:11+00:00,/home/dominik/Links/SC2Reps/Triton LE (17).SC2Replay,False,Protoss,Protoss,3913,3992,TrashCanMan,Triton LE,212,-79
2019-11-17 10:20:15+00:00,/home/dominik/Links/SC2Reps/Ephemeron LE (15).SC2Replay,True,Protoss,Terran,3894,3798,MightyMurloc,Ephemeron LE,1313,96
2019-11-18 15:35:35+00:00,/home/dominik/Links/SC2Reps/World of Sleepers LE (21).SC2Replay,True,Zerg,Protoss,3014,3023,&lt;DayJ&gt;<sp/>Fuzzy,World of Sleepers LE,640,-9
2019-11-18 15:44:35+00:00,/home/dominik/Links/SC2Reps/Triton LE (18).SC2Replay,False,Protoss,Zerg,3913,3797,&lt;lLiTl&gt;<sp/>Eniman,Triton LE,278,116
2019-11-18 15:58:52+00:00,/home/dominik/Links/SC2Reps/Ephemeron LE (16).SC2Replay,True,Protoss,Zerg,3893,3790,влад,Ephemeron LE,845,103
2019-11-18 16:08:11+00:00,/home/dominik/Links/SC2Reps/Ephemeron LE (17).SC2Replay,False,Protoss,Zerg,3911,3966,trouth,Ephemeron LE,529,-55
2019-11-18 16:17:57+00:00,/home/dominik/Links/SC2Reps/Ephemeron LE (18).SC2Replay,True,Protoss,Protoss,3891,3881,OlympusRoyal,Ephemeron LE,540,10
2019-11-18 17:08:15+00:00,/home/dominik/Links/SC2Reps/Ephemeron LE (19).SC2Replay,False,Protoss,Terran,3912,3823,InsighT,Ephemeron LE,44,89
2019-11-18 17:26:00+00:00,/home/dominik/Links/SC2Reps/Triton LE (19).SC2Replay,True,Protoss,Zerg,3888,3904,trouth,Triton LE,970,-16
2019-11-18 17:32:43+00:00,/home/dominik/Links/SC2Reps/Acropolis LE (24).SC2Replay,False,Protoss,Protoss,3910,3920,Raver,Acropolis LE,341,-10
2019-11-18 17:48:00+00:00,/home/dominik/Links/SC2Reps/World of Sleepers LE (22).SC2Replay,True,Protoss,Terran,3889,3907,&lt;TheDOH&gt;<sp/>secretspace,World of Sleepers LE,879,-18
2019-11-18 18:03:36+00:00,/home/dominik/Links/SC2Reps/Acropolis LE (25).SC2Replay,True,Protoss,Zerg,3911,3961,Cosmobrother,Acropolis LE,909,-50
2019-11-19 07:23:00+00:00,/home/dominik/Links/SC2Reps/Disco Bloodbath LE (11).SC2Replay,True,Protoss,Protoss,3934,3874,IIIIIIIIIIII,Disco Bloodbath LE,780,60
2019-11-19 18:45:19+00:00,/home/dominik/Links/SC2Reps/Disco Bloodbath LE (12).SC2Replay,False,Zerg,Terran,3054,3040,MooseMan,Disco Bloodbath LE,807,14
2019-11-19 19:02:22+00:00,/home/dominik/Links/SC2Reps/World of Sleepers LE (23).SC2Replay,True,Protoss,Terran,3954,3570,&lt;EESC&gt;<sp/>penduloSFX,World of Sleepers LE,1003,384
2019-11-19 19:05:56+00:00,/home/dominik/Links/SC2Reps/Ephemeron LE (20).SC2Replay,False,Protoss,Protoss,3972,4359,Pudgey,Ephemeron LE,183,-387
2019-11-19 19:10:36+00:00,/home/dominik/Links/SC2Reps/Ephemeron LE (21).SC2Replay,False,Protoss,Protoss,3947,4009,&lt;TDDA&gt;<sp/>EMM,Ephemeron LE,219,-62
2019-11-19 19:33:09+00:00,/home/dominik/Links/SC2Reps/Ephemeron LE (22).SC2Replay,True,Protoss,Zerg,3950,3859,YvanDuRêve,Ephemeron LE,1173,91
2019-11-20 07:59:04+00:00,/home/dominik/Links/SC2Reps/Ephemeron LE (23).SC2Replay,False,Protoss,Zerg,3969,3988,BuRneR,Ephemeron LE,453,-19
2019-11-20 08:19:24+00:00,/home/dominik/Links/SC2Reps/Triton LE (20).SC2Replay,False,Protoss,Zerg,3948,3885,&lt;CocoCo&gt;<sp/>Goty,Triton LE,1199,63
2019-11-25 17:23:07+00:00,/home/dominik/Links/SC2Reps/Disco Bloodbath LE (13).SC2Replay,True,Zerg,Protoss,3015,2968,&lt;b0O0n&gt;<sp/>DrLove,Disco Bloodbath LE,935,47
2019-11-25 17:38:25+00:00,/home/dominik/Links/SC2Reps/World of Sleepers LE (24).SC2Replay,True,Protoss,Zerg,3925,4020,&lt;kOzY&gt;<sp/>Dave,World of Sleepers LE,891,-95
2019-11-25 17:53:56+00:00,/home/dominik/Links/SC2Reps/Disco Bloodbath LE (14).SC2Replay,False,Protoss,Protoss,3949,3935,Crombo,Disco Bloodbath LE,830,14
2019-11-26 18:58:28+00:00,/home/dominik/Links/SC2Reps/World of Sleepers LE (25).SC2Replay,False,Protoss,Zerg,3927,3908,прорвемся,World of Sleepers LE,321,19
2019-11-26 19:04:47+00:00,/home/dominik/Links/SC2Reps/Acropolis LE (26).SC2Replay,False,Protoss,Protoss,3905,4596,Doomweed,Acropolis LE,224,-691
2019-11-26 19:11:43+00:00,/home/dominik/Links/SC2Reps/World of Sleepers LE (26).SC2Replay,True,Protoss,Zerg,3899,4851,SkyFlare,World of Sleepers LE,66,-952
2019-11-26 19:20:15+00:00,/home/dominik/Links/SC2Reps/World of Sleepers LE (27).SC2Replay,True,Protoss,Terran,3924,3941,Chief,World of Sleepers LE,463,-17
2019-11-26 19:32:23+00:00,/home/dominik/Links/SC2Reps/Triton LE (21).SC2Replay,True,Protoss,Terran,3944,3808,Romio,Triton LE,685,136
2019-11-28 19:00:27+00:00,/home/dominik/Links/SC2Reps/Eternal Empire LE.SC2Replay,False,Protoss,Terran,3962,3942,&lt;SILeSp&gt;<sp/>Galactus,Eternal Empire LE,307,20
2019-11-28 19:09:44+00:00,/home/dominik/Links/SC2Reps/World of Sleepers LE (28).SC2Replay,True,Protoss,Protoss,3940,3854,&lt;vGL&gt;<sp/>Celestial,World of Sleepers LE,541,86
2019-11-28 19:23:15+00:00,/home/dominik/Links/SC2Reps/World of Sleepers LE (29).SC2Replay,True,Protoss,Terran,3959,3956,Inquisition,World of Sleepers LE,721,3
2019-11-29 18:07:04+00:00,/home/dominik/Links/SC2Reps/Nightshade LE.SC2Replay,False,Protoss,Zerg,3981,3976,zzTp,Nightshade LE,468,5
2019-11-29 18:14:11+00:00,/home/dominik/Links/SC2Reps/World of Sleepers LE (30).SC2Replay,False,Protoss,Zerg,3959,3998,zzTp,World of Sleepers LE,384,-39
2019-11-29 18:31:35+00:00,/home/dominik/Links/SC2Reps/Simulacrum LE.SC2Replay,True,Protoss,Terran,3939,3953,&lt;ERHELM&gt;<sp/>Erik,Simulacrum LE,1015,-14
2019-11-29 18:36:51+00:00,/home/dominik/Links/SC2Reps/Eternal Empire LE (2).SC2Replay,False,Zerg,Zerg,3050,3083,Kesko,Eternal Empire LE,267,-33
2019-11-29 18:46:06+00:00,/home/dominik/Links/SC2Reps/World of Sleepers LE (31).SC2Replay,False,Zerg,Zerg,3015,2908,OVERMIND,World of Sleepers LE,528,107
2019-12-02 19:29:02+00:00,/home/dominik/Links/SC2Reps/Simulacrum LE (2).SC2Replay,True,Protoss,Terran,3961,4068,&lt;IWtD&gt;<sp/>DiabloFeTo,Simulacrum LE,575,-107
2019-12-02 19:42:48+00:00,/home/dominik/Links/SC2Reps/Simulacrum LE (3).SC2Replay,True,Protoss,Terran,3985,3960,&lt;OnkelS&gt;<sp/>Prolow,Simulacrum LE,685,25
2019-12-02 20:09:55+00:00,/home/dominik/Links/SC2Reps/Nightshade LE (2).SC2Replay,True,Protoss,Terran,4006,4016,kalarazar,Nightshade LE,1326,-10
2019-12-03 18:33:42+00:00,/home/dominik/Links/SC2Reps/World of Sleepers LE (32).SC2Replay,False,Protoss,Protoss,4028,4055,&lt;Furri&gt;<sp/>PrinceOfIEM,World of Sleepers LE,476,-27
2019-12-03 18:55:23+00:00,/home/dominik/Links/SC2Reps/Eternal Empire LE (3).SC2Replay,True,Protoss,Terran,4007,3925,&lt;IBeAŚI&gt;<sp/>Bummsjordy,Eternal Empire LE,328,82
2019-12-03 19:10:16+00:00,/home/dominik/Links/SC2Reps/World of Sleepers LE (33).SC2Replay,False,Protoss,Protoss,4026,4104,Orian,World of Sleepers LE,817,-78
2019-12-05 19:21:37+00:00,/home/dominik/Links/SC2Reps/World of Sleepers LE (34).SC2Replay,True,Protoss,Zerg,4007,3989,AlexMacedon,World of Sleepers LE,585,18
2019-12-05 19:43:40+00:00,/home/dominik/Links/SC2Reps/World of Sleepers LE (35).SC2Replay,True,Protoss,Terran,4028,4001,Niinja,World of Sleepers LE,1308,27
2019-12-09 20:18:26+00:00,/home/dominik/Links/SC2Reps/Eternal Empire LE (4).SC2Replay,False,Protoss,Protoss,4049,4237,Delaam,Eternal Empire LE,307,-188
2019-12-09 20:28:00+00:00,/home/dominik/Links/SC2Reps/Simulacrum LE (4).SC2Replay,False,Protoss,Zerg,4032,4161,PeterLax,Simulacrum LE,557,-129
2019-12-09 20:36:21+00:00,/home/dominik/Links/SC2Reps/Nightshade LE (3).SC2Replay,True,Protoss,Zerg,4015,4024,&lt;OGCOСK&gt;<sp/>ShushYo,Nightshade LE,454,-9
2019-12-09 20:39:03+00:00,/home/dominik/Links/SC2Reps/Eternal Empire LE (5).SC2Replay,False,Protoss,Protoss,4036,4108,Heradrass,Eternal Empire LE,122,-72
2019-12-10 19:05:25+00:00,/home/dominik/Links/SC2Reps/Eternal Empire LE (6).SC2Replay,True,Protoss,Zerg,4017,4125,NSƒFaxo,Eternal Empire LE,755,-108
2019-12-11 20:04:00+00:00,/home/dominik/Links/SC2Reps/Eternal Empire LE (7).SC2Replay,False,Protoss,Protoss,4042,4028,&lt;PiGPan&gt;<sp/>TNTea,Eternal Empire LE,552,14
2019-12-11 20:23:18+00:00,/home/dominik/Links/SC2Reps/Eternal Empire LE (8).SC2Replay,True,Protoss,Terran,4020,4012,Legionaru,Eternal Empire LE,1090,8
2019-12-12 18:10:58+00:00,/home/dominik/Links/SC2Reps/Eternal Empire LE (9).SC2Replay,True,Protoss,Zerg,4041,3992,Ciprian,Eternal Empire LE,955,49
2019-12-12 18:48:15+00:00,/home/dominik/Links/SC2Reps/Nightshade LE (4).SC2Replay,False,Protoss,Zerg,4061,4144,&lt;Nutri&gt;<sp/>Highscribe,Nightshade LE,733,-83
2019-12-12 19:02:09+00:00,/home/dominik/Links/SC2Reps/World of Sleepers LE (36).SC2Replay,True,Protoss,Zerg,4042,4029,contremaitre,World of Sleepers LE,772,13
2019-12-12 19:21:45+00:00,/home/dominik/Links/SC2Reps/Nightshade LE (5).SC2Replay,False,Protoss,Protoss,4063,4051,Fraze,Nightshade LE,1163,12
2019-12-12 19:28:57+00:00,/home/dominik/Links/SC2Reps/Simulacrum LE (5).SC2Replay,False,Protoss,Terran,4041,4131,NazelHut,Simulacrum LE,317,-90
2019-12-12 19:42:46+00:00,/home/dominik/Links/SC2Reps/Eternal Empire LE (10).SC2Replay,False,Protoss,Terran,4022,4407,cloud,Eternal Empire LE,398,-385
2019-12-12 19:53:53+00:00,/home/dominik/Links/SC2Reps/Nightshade LE (6).SC2Replay,False,Protoss,Zerg,4001,4037,Xaenor,Nightshade LE,650,-36
2019-12-12 20:52:10+00:00,/home/dominik/Links/SC2Reps/Simulacrum LE (6).SC2Replay,True,Protoss,Protoss,3980,3965,&lt;snajpu&gt;<sp/>Auddi,Simulacrum LE,356,15
2019-12-12 21:03:25+00:00,/home/dominik/Links/SC2Reps/Nightshade LE (7).SC2Replay,False,Protoss,Protoss,4001,3944,&lt;snajpu&gt;<sp/>Auddi,Nightshade LE,619,57
2019-12-12 21:16:53+00:00,/home/dominik/Links/SC2Reps/Nightshade LE (8).SC2Replay,False,Protoss,Protoss,3978,4169,Vidra,Nightshade LE,765,-191
2019-12-12 21:29:56+00:00,/home/dominik/Links/SC2Reps/Simulacrum LE (7).SC2Replay,False,Protoss,Protoss,3957,3882,Noobofsc,Simulacrum LE,709,75
2019-12-14 10:50:21+00:00,/home/dominik/Links/SC2Reps/Simulacrum LE (8).SC2Replay,True,Protoss,Terran,3933,4018,&lt;Div303&gt;<sp/>Dupsko,Simulacrum LE,930,-85
2019-12-18 16:35:46+00:00,/home/dominik/Links/SC2Reps/Eternal Empire LE (11).SC2Replay,False,Protoss,Terran,3957,4066,&lt;IndyK&gt;<sp/>HaPe,Eternal Empire LE,235,-109
2019-12-18 16:53:06+00:00,/home/dominik/Links/SC2Reps/Simulacrum LE (9).SC2Replay,True,Protoss,Terran,3938,3828,FrozenZerg,Simulacrum LE,960,110
2019-12-20 18:17:10+00:00,/home/dominik/Links/SC2Reps/World of Sleepers LE (37).SC2Replay,False,Protoss,Protoss,3957,3957,&lt;ƮesXG&gt;<sp/>Rocky,World of Sleepers LE,257,0
2019-12-20 18:36:11+00:00,/home/dominik/Links/SC2Reps/World of Sleepers LE (38).SC2Replay,True,Protoss,Terran,3935,4181,utopike,World of Sleepers LE,1112,-246
2019-12-20 18:42:21+00:00,/home/dominik/Links/SC2Reps/Simulacrum LE (10).SC2Replay,False,Protoss,Zerg,3955,4160,Nyx,Simulacrum LE,329,-205
2019-12-20 18:53:00+00:00,/home/dominik/Links/SC2Reps/Simulacrum LE (11).SC2Replay,True,Zerg,Terran,2984,3090,Jason,Simulacrum LE,569,-106
2019-12-20 18:59:06+00:00,/home/dominik/Links/SC2Reps/Eternal Empire LE (12).SC2Replay,True,Protoss,Terran,3939,3886,CapSto,Eternal Empire LE,338,53
2019-12-20 19:06:55+00:00,/home/dominik/Links/SC2Reps/World of Sleepers LE (39).SC2Replay,False,Protoss,Zerg,3959,3963,&lt;TAW&gt;<sp/>Pote,World of Sleepers LE,453,-4
2019-12-20 19:21:46+00:00,/home/dominik/Links/SC2Reps/Simulacrum LE (12).SC2Replay,True,Protoss,Terran,3937,3875,Neydark,Simulacrum LE,862,62
2019-12-21 13:30:37+00:00,/home/dominik/Links/SC2Reps/Simulacrum LE (13).SC2Replay,False,Protoss,Protoss,3957,3956,Albus,Simulacrum LE,426,1
2019-12-21 13:41:55+00:00,/home/dominik/Links/SC2Reps/Eternal Empire LE (13).SC2Replay,True,Protoss,Terran,3936,3976,tiwai,Eternal Empire LE,611,-40
2019-12-21 13:54:33+00:00,/home/dominik/Links/SC2Reps/Eternal Empire LE (14).SC2Replay,False,Protoss,Terran,3959,3953,tiwai,Eternal Empire LE,730,6
2019-12-21 14:00:35+00:00,/home/dominik/Links/SC2Reps/Simulacrum LE (14).SC2Replay,False,Protoss,Zerg,3937,3757,RXX,Simulacrum LE,299,180
2019-12-21 14:10:12+00:00,/home/dominik/Links/SC2Reps/Simulacrum LE (15).SC2Replay,False,Protoss,Terran,3915,4007,xYn,Simulacrum LE,492,-92
2019-12-21 14:27:45+00:00,/home/dominik/Links/SC2Reps/Eternal Empire LE (15).SC2Replay,True,Protoss,Terran,3896,3911,Stefan,Eternal Empire LE,1009,-15
2019-12-21 16:32:08+00:00,/home/dominik/Links/SC2Reps/Nightshade LE (9).SC2Replay,True,Zerg,Zerg,3023,3026,Undead,Nightshade LE,725,-3
2019-12-21 16:46:23+00:00,/home/dominik/Links/SC2Reps/Simulacrum LE (16).SC2Replay,True,Protoss,Terran,3918,3967,Xenocide,Simulacrum LE,826,-49
2019-12-21 16:49:32+00:00,/home/dominik/Links/SC2Reps/Eternal Empire LE (16).SC2Replay,True,Protoss,Zerg,3941,4935,&lt;Гномик&gt;<sp/>IndeX,Eternal Empire LE,107,-994
2019-12-22 20:55:54+00:00,/home/dominik/Links/SC2Reps/Nightshade LE (10).SC2Replay,False,Protoss,Protoss,3965,3898,Bingo,Nightshade LE,182,67
2019-12-22 21:04:09+00:00,/home/dominik/Links/SC2Reps/Eternal Empire LE (17).SC2Replay,False,Protoss,Terran,3941,3880,Jungla,Eternal Empire LE,472,61
2019-12-22 21:07:48+00:00,/home/dominik/Links/SC2Reps/World of Sleepers LE (40).SC2Replay,False,Protoss,Protoss,3918,3927,DeepMind,World of Sleepers LE,175,-9
2019-12-22 21:11:02+00:00,/home/dominik/Links/SC2Reps/Nightshade LE (11).SC2Replay,False,Protoss,Protoss,3897,3948,DeepMind,Nightshade LE,159,-51
2019-12-22 21:26:35+00:00,/home/dominik/Links/SC2Reps/Eternal Empire LE (18).SC2Replay,True,Protoss,Terran,3877,3833,Nyxeu,Eternal Empire LE,895,44
2019-12-23 16:23:00+00:00,/home/dominik/Links/SC2Reps/Eternal Empire LE (19).SC2Replay,True,Protoss,Zerg,3897,3894,IntrinsiCat,Eternal Empire LE,870,3
2019-12-23 16:30:33+00:00,/home/dominik/Links/SC2Reps/Eternal Empire LE (21).SC2Replay,False,Protoss,Protoss,3898,3782,æææ,Eternal Empire LE,17,116
2019-12-23 16:51:19+00:00,/home/dominik/Links/SC2Reps/Nightshade LE (12).SC2Replay,True,Protoss,Terran,3873,3786,Listig,Nightshade LE,1132,87
2019-12-24 11:03:44+00:00,/home/dominik/Links/SC2Reps/Simulacrum LE (17).SC2Replay,False,Protoss,Zerg,3892,3845,&lt;Wø&gt;<sp/>poichiche,Simulacrum LE,629,47
2019-12-24 11:17:11+00:00,/home/dominik/Links/SC2Reps/Eternal Empire LE (22).SC2Replay,False,Protoss,Terran,3869,3863,&lt;isIMBA&gt;<sp/>naincraft,Eternal Empire LE,283,6
2019-12-24 11:33:55+00:00,/home/dominik/Links/SC2Reps/Simulacrum LE (18).SC2Replay,True,Protoss,Protoss,3847,3966,ARCMAN,Simulacrum LE,971,-119
2019-12-24 13:53:48+00:00,/home/dominik/Links/SC2Reps/Ephemeron LE (26).SC2Replay,True,Protoss,Zerg,0,0,A.I. 1 (Elite),Ephemeron LE,764,0
2019-12-24 18:36:06+00:00,/home/dominik/Links/SC2Reps/Eternal Empire LE (23).SC2Replay,True,Protoss,Zerg,3872,3864,Vakhtang,Eternal Empire LE,771,8
2019-12-24 18:53:21+00:00,/home/dominik/Links/SC2Reps/Nightshade LE (13).SC2Replay,True,Protoss,Zerg,3893,3843,Vakhtang,Nightshade LE,1004,50
2019-12-24 19:08:58+00:00,/home/dominik/Links/SC2Reps/World of Sleepers LE (41).SC2Replay,True,Protoss,Terran,3914,3840,PPO,World of Sleepers LE,920,74
2019-12-24 20:35:20+00:00,/home/dominik/Links/SC2Reps/World of Sleepers LE (42).SC2Replay,True,Zerg,Protoss,3057,3035,IAMFUNNYBOT,World of Sleepers LE,1456,22
2019-12-27 20:24:27+00:00,/home/dominik/Links/SC2Reps/World of Sleepers LE (43).SC2Replay,False,Protoss,Zerg,3933,4033,HiveMind,World of Sleepers LE,262,-100
2019-12-27 20:40:39+00:00,/home/dominik/Links/SC2Reps/Nightshade LE (14).SC2Replay,True,Protoss,Zerg,3914,3914,Racin,Nightshade LE,911,0
2019-12-27 21:24:06+00:00,/home/dominik/Links/SC2Reps/Nightshade LE (15).SC2Replay,True,Protoss,Terran,3936,3977,&lt;DemuCl&gt;<sp/>Jazzz,Nightshade LE,1277,-41
2019-12-28 14:03:26+00:00,/home/dominik/Links/SC2Reps/Simulacrum LE (19).SC2Replay,True,Zerg,Terran,3089,3038,SMCWWMarF,Simulacrum LE,636,51
2019-12-28 14:07:58+00:00,/home/dominik/Links/SC2Reps/Eternal Empire LE (24).SC2Replay,False,Zerg,Zerg,3118,3114,Sferum,Eternal Empire LE,222,4
2019-12-28 20:58:25+00:00,/home/dominik/Links/SC2Reps/Simulacrum LE (20).SC2Replay,True,Protoss,Terran,3959,3937,rOoSter,Simulacrum LE,76,22
2019-12-28 21:06:48+00:00,/home/dominik/Links/SC2Reps/Nightshade LE (16).SC2Replay,True,Protoss,Zerg,3980,4240,contremaitre,Nightshade LE,478,-260
2020-01-04 19:04:15+00:00,/home/dominik/Links/SC2Reps/Nightshade LE (17).SC2Replay,True,Protoss,Terran,4009,4038,Rêgo,Nightshade LE,935,-29
2020-01-04 19:07:07+00:00,/home/dominik/Links/SC2Reps/World of Sleepers LE (44).SC2Replay,True,Protoss,Protoss,4031,4163,&lt;unƊeaƊ&gt;<sp/>òMégà,World of Sleepers LE,107,-132
2020-01-04 19:19:31+00:00,/home/dominik/Links/SC2Reps/Eternal Empire LE (25).SC2Replay,False,Protoss,Terran,4057,4089,Tsumi,Eternal Empire LE,714,-32
2020-01-05 14:03:19+00:00,/home/dominik/Links/SC2Reps/Eternal Empire LE (26).SC2Replay,False,Protoss,Zerg,4036,4196,&lt;Lowko&gt;<sp/>HardNeper,Eternal Empire LE,300,-160
2020-01-05 14:18:07+00:00,/home/dominik/Links/SC2Reps/Eternal Empire LE (27).SC2Replay,True,Protoss,Terran,4019,4005,delmak,Eternal Empire LE,867,14
2020-01-05 14:40:17+00:00,/home/dominik/Links/SC2Reps/Eternal Empire LE (28).SC2Replay,False,Protoss,Protoss,4040,4043,&lt;PÂRłAH&gt;<sp/>SolusRex,Eternal Empire LE,297,-3
2020-01-05 14:47:32+00:00,/home/dominik/Links/SC2Reps/Nightshade LE (18).SC2Replay,True,Protoss,Terran,4019,4036,Sanedude,Nightshade LE,405,-17
2020-01-05 14:55:15+00:00,/home/dominik/Links/SC2Reps/Nightshade LE (19).SC2Replay,True,Protoss,Terran,0,0,Sanedude,Nightshade LE,394,0
2020-01-05 15:02:49+00:00,/home/dominik/Links/SC2Reps/World of Sleepers LE (45).SC2Replay,False,Protoss,Protoss,4041,4078,Tomstar,World of Sleepers LE,293,-37
2020-01-05 15:09:49+00:00,/home/dominik/Links/SC2Reps/Nightshade LE (20).SC2Replay,True,Protoss,Protoss,4021,3928,Majcher,Nightshade LE,388,93
2020-01-05 20:23:43+00:00,/home/dominik/Links/SC2Reps/Simulacrum LE (21).SC2Replay,False,Protoss,Zerg,4039,3936,&lt;ORRO&gt;<sp/>jul,Simulacrum LE,280,103
2020-01-05 20:30:44+00:00,/home/dominik/Links/SC2Reps/Eternal Empire LE (29).SC2Replay,False,Protoss,Terran,4015,3988,oppresticles,Eternal Empire LE,405,27
2020-01-05 20:34:11+00:00,/home/dominik/Links/SC2Reps/World of Sleepers LE (46).SC2Replay,False,Protoss,Protoss,3992,4014,&lt;iksD&gt;<sp/>OzjaszGoldbe,World of Sleepers LE,110,-22
2020-01-05 20:39:37+00:00,/home/dominik/Links/SC2Reps/Eternal Empire LE (30).SC2Replay,True,Protoss,Protoss,3972,4028,lIlIlIIlIlIl,Eternal Empire LE,274,-56
2020-01-06 18:55:58+00:00,/home/dominik/Links/SC2Reps/Ephemeron LE (28).SC2Replay,False,Terran,Protoss,0,0,&lt;Blacer&gt;<sp/>Hakerica,Ephemeron LE,765,0
2020-01-13 20:21:41+00:00,/home/dominik/Links/SC2Reps/Nightshade LE (21).SC2Replay,True,Protoss,Zerg,3995,3915,&lt;TARAGO&gt;<sp/>Revenge,Nightshade LE,1033,80
2020-01-13 20:26:44+00:00,/home/dominik/Links/SC2Reps/Eternal Empire LE (31).SC2Replay,False,Protoss,Zerg,4014,3896,&lt;TARAGO&gt;<sp/>Revenge,Eternal Empire LE,243,118
2020-01-13 20:42:12+00:00,/home/dominik/Links/SC2Reps/Ephemeron LE (29).SC2Replay,False,Protoss,Protoss,3989,4017,MadProbe,Ephemeron LE,149,-28
2020-01-13 20:56:14+00:00,/home/dominik/Links/SC2Reps/Nightshade LE (22).SC2Replay,False,Protoss,Terran,3968,4000,SUPERsKILLER,Nightshade LE,825,-32
2020-01-14 17:17:37+00:00,/home/dominik/Links/SC2Reps/Simulacrum LE (22).SC2Replay,True,Protoss,Protoss,3948,3936,TerenceSkill,Simulacrum LE,1171,12
2020-01-15 16:01:40+00:00,/home/dominik/Links/SC2Reps/Nightshade LE (23).SC2Replay,False,Protoss,Protoss,3969,4037,&lt;aW&gt;<sp/>Jeatall,Nightshade LE,204,-68
2020-01-16 20:58:17+00:00,/home/dominik/Links/SC2Reps/Nightshade LE (24).SC2Replay,True,Protoss,Terran,3931,3845,Exit,Nightshade LE,994,86
2020-01-18 19:38:03+00:00,/home/dominik/Links/SC2Reps/Ephemeron LE (30).SC2Replay,True,Protoss,Zerg,3950,3980,&lt;SWWT&gt;<sp/>Epic,Ephemeron LE,719,-30
2020-01-19 18:04:18+00:00,/home/dominik/Links/SC2Reps/Simulacrum LE (23).SC2Replay,True,Protoss,Terran,3969,3889,StifleR,Simulacrum LE,480,80
2020-01-19 18:19:18+00:00,/home/dominik/Links/SC2Reps/Simulacrum LE (24).SC2Replay,True,Protoss,Terran,3989,3979,&lt;Dytred&gt;<sp/>EmpiRE,Simulacrum LE,879,10
2020-01-19 18:32:41+00:00,/home/dominik/Links/SC2Reps/Nightshade LE (25).SC2Replay,True,Protoss,Terran,4010,3997,MuKK,Nightshade LE,714,13
2020-01-31 12:42:59+00:00,/home/dominik/Links/SC2Reps/Simulacrum LE (25).SC2Replay,False,Protoss,Zerg,4031,4075,&lt;adR&gt;<sp/>rdmZoo,Simulacrum LE,454,-44
2020-01-31 12:54:05+00:00,/home/dominik/Links/SC2Reps/Ephemeron LE (31).SC2Replay,False,Protoss,Zerg,4011,4115,Stick,Ephemeron LE,591,-104
2020-01-31 13:10:03+00:00,/home/dominik/Links/SC2Reps/Nightshade LE (26).SC2Replay,True,Protoss,Terran,3992,3928,&lt;GELSEN&gt;<sp/>Masaru,Nightshade LE,944,64
2020-02-02 17:15:06+00:00,/home/dominik/Links/SC2Reps/World of Sleepers LE (47).SC2Replay,False,Protoss,Zerg,4012,4092,&lt;0mg&gt;<sp/>Sroljo,World of Sleepers LE,264,-80
2020-02-02 17:26:32+00:00,/home/dominik/Links/SC2Reps/Nightshade LE (27).SC2Replay,False,Protoss,Zerg,3992,4006,djakette,Nightshade LE,595,-14
2020-02-02 17:27:27+00:00,/home/dominik/Links/SC2Reps/Ephemeron LE (32).SC2Replay,True,Protoss,Terran,3971,3913,Syocto,Ephemeron LE,10,58
2020-02-02 17:40:53+00:00,/home/dominik/Links/SC2Reps/Simulacrum LE (26).SC2Replay,False,Protoss,Terran,3991,3995,VouS,Simulacrum LE,766,-4
2020-02-02 17:48:55+00:00,/home/dominik/Links/SC2Reps/Ephemeron LE (33).SC2Replay,True,Protoss,Zerg,3970,4034,valera,Ephemeron LE,403,-64
2020-02-02 18:09:05+00:00,/home/dominik/Links/SC2Reps/Ephemeron LE (34).SC2Replay,True,Protoss,Zerg,3993,3889,Jetix,Ephemeron LE,1178,104
2020-02-05 21:02:28+00:00,/home/dominik/Links/SC2Reps/Nightshade LE (28).SC2Replay,False,Protoss,Zerg,3989,3900,MorroLord,Nightshade LE,216,89
2020-02-05 21:05:33+00:00,/home/dominik/Links/SC2Reps/Ephemeron LE (35).SC2Replay,True,Protoss,Protoss,3965,4011,Orian,Ephemeron LE,131,-46
2020-02-06 20:48:26+00:00,/home/dominik/Links/SC2Reps/Nightshade LE (29).SC2Replay,True,Protoss,Protoss,3988,3962,MsDragonFly,Nightshade LE,640,26
2020-02-06 21:02:53+00:00,/home/dominik/Links/SC2Reps/Nightshade LE (30).SC2Replay,True,Protoss,Terran,4009,3955,KJP,Nightshade LE,853,54
2020-02-09 20:04:14+00:00,/home/dominik/Links/SC2Reps/World of Sleepers LE (49).SC2Replay,False,Protoss,Zerg,4029,4054,Grandclicker,World of Sleepers LE,564,-25
2020-02-09 20:19:03+00:00,/home/dominik/Links/SC2Reps/Ephemeron LE (36).SC2Replay,False,Protoss,Zerg,4004,3959,BlackSmith,Ephemeron LE,798,45
2020-02-10 19:08:40+00:00,/home/dominik/Links/SC2Reps/Ephemeron LE (37).SC2Replay,True,Protoss,Protoss,3981,3879,Kachu,Ephemeron LE,305,102
2020-02-10 19:20:59+00:00,/home/dominik/Links/SC2Reps/Ephemeron LE (38).SC2Replay,True,Protoss,Protoss,3999,4072,Pablink,Ephemeron LE,692,-73
2020-02-10 19:37:26+00:00,/home/dominik/Links/SC2Reps/Nightshade LE (31).SC2Replay,True,Protoss,Zerg,4023,4032,&lt;biglol&gt;<sp/>bany,Nightshade LE,959,-9
2020-02-11 17:52:08+00:00,/home/dominik/Links/SC2Reps/Simulacrum LE (27).SC2Replay,True,Protoss,Protoss,4045,3986,ZZtopGun,Simulacrum LE,441,59
2020-02-11 18:03:23+00:00,/home/dominik/Links/SC2Reps/Ephemeron LE (39).SC2Replay,True,Protoss,Protoss,4064,3966,ZZtopGun,Ephemeron LE,643,98
2020-02-13 18:20:49+00:00,/home/dominik/Links/SC2Reps/World of Sleepers LE (50).SC2Replay,True,Protoss,Protoss,4083,4002,Salomoon,World of Sleepers LE,590,81
2020-02-13 18:34:05+00:00,/home/dominik/Links/SC2Reps/Ephemeron LE (40).SC2Replay,False,Protoss,Terran,4102,4238,&lt;BnetFR&gt;<sp/>NeWHoriZonS,Ephemeron LE,761,-136
2020-02-13 19:26:27+00:00,/home/dominik/Links/SC2Reps/Nightshade LE (32).SC2Replay,True,Protoss,Terran,4085,3995,HeroMarauder,Nightshade LE,777,90
2020-02-13 19:45:12+00:00,/home/dominik/Links/SC2Reps/Ephemeron LE (41).SC2Replay,True,Protoss,Terran,4104,4225,ОТМОРОЗОК,Ephemeron LE,976,-121
2020-02-14 12:24:59+00:00,/home/dominik/Links/SC2Reps/World of Sleepers LE (51).SC2Replay,False,Protoss,Zerg,4123,4098,Haze,World of Sleepers LE,761,25
2020-02-14 12:29:16+00:00,/home/dominik/Links/SC2Reps/Simulacrum LE (28).SC2Replay,False,Protoss,Protoss,4101,4451,StormHead,Simulacrum LE,227,-350
2020-02-15 12:57:31+00:00,/home/dominik/Links/SC2Reps/Ephemeron LE (42).SC2Replay,False,Protoss,Zerg,4083,4135,&lt;FxL&gt;<sp/>bojan,Ephemeron LE,751,-52
2020-02-15 13:41:00+00:00,/home/dominik/Links/SC2Reps/Nightshade LE (33).SC2Replay,False,Protoss,Zerg,4063,4042,llllllllllll,Nightshade LE,1826,21
2020-02-17 16:31:23+00:00,/home/dominik/Links/SC2Reps/Simulacrum LE (29).SC2Replay,False,Protoss,Terran,4041,4008,&lt;lLiTl&gt;<sp/>Quickman,Simulacrum LE,804,33
2020-02-17 16:49:49+00:00,/home/dominik/Links/SC2Reps/World of Sleepers LE (52).SC2Replay,False,Protoss,Terran,4018,4011,&lt;lLiTl&gt;<sp/>Quickman,World of Sleepers LE,800,7
2020-02-17 17:15:49+00:00,/home/dominik/Links/SC2Reps/Ephemeron LE (43).SC2Replay,True,Protoss,Terran,3997,4152,Stilgar,Ephemeron LE,1410,-155
2020-02-17 17:31:43+00:00,/home/dominik/Links/SC2Reps/Simulacrum LE (30).SC2Replay,False,Protoss,Terran,0,0,&lt;BnetFR&gt;<sp/>NeWHoriZonS,Simulacrum LE,684,0
2020-02-17 17:47:46+00:00,/home/dominik/Links/SC2Reps/Simulacrum LE (31).SC2Replay,False,Protoss,Terran,0,0,&lt;BnetFR&gt;<sp/>NeWHoriZonS,Simulacrum LE,776,0
2020-02-18 18:41:05+00:00,/home/dominik/Links/SC2Reps/Ephemeron LE (44).SC2Replay,False,Protoss,Zerg,4019,4108,Canfup,Ephemeron LE,671,-89
2020-02-18 18:56:03+00:00,/home/dominik/Links/SC2Reps/Ephemeron LE (45).SC2Replay,True,Protoss,Zerg,4000,4095,Hello,Ephemeron LE,849,-95
2020-02-18 19:11:38+00:00,/home/dominik/Links/SC2Reps/Simulacrum LE (32).SC2Replay,True,Protoss,Zerg,4024,4071,Hello,Simulacrum LE,887,-47
2020-02-18 19:24:22+00:00,/home/dominik/Links/SC2Reps/Nightshade LE (34).SC2Replay,True,Protoss,Zerg,4047,4337,ajb,Nightshade LE,719,-290
2020-02-20 20:24:49+00:00,/home/dominik/Links/SC2Reps/Nightshade LE (35).SC2Replay,False,Protoss,Terran,4067,3848,Badcomedian,Nightshade LE,625,219
2020-02-21 16:46:06+00:00,/home/dominik/Links/SC2Reps/Ephemeron LE (46).SC2Replay,False,Protoss,Terran,4048,4111,razor,Ephemeron LE,514,-63
2020-02-21 17:06:44+00:00,/home/dominik/Links/SC2Reps/Ephemeron LE (47).SC2Replay,True,Protoss,Zerg,4029,4009,&lt;0301&gt;<sp/>kookooseen,Ephemeron LE,1072,20
2020-02-21 17:20:16+00:00,/home/dominik/Links/SC2Reps/Ephemeron LE (48).SC2Replay,True,Protoss,Terran,4050,4144,Scythe,Ephemeron LE,775,-94
2020-02-21 19:32:38+00:00,/home/dominik/Links/SC2Reps/Simulacrum LE (33).SC2Replay,True,Protoss,Terran,4071,4021,Sentinel,Simulacrum LE,746,50
2020-02-26 18:13:51+00:00,/home/dominik/Links/SC2Reps/World of Sleepers LE (53).SC2Replay,True,Protoss,Terran,4091,4136,BlackAnubis,World of Sleepers LE,945,-45
2020-02-26 18:27:28+00:00,/home/dominik/Links/SC2Reps/World of Sleepers LE (54).SC2Replay,True,Protoss,Terran,4114,4213,&lt;BornG&gt;<sp/>LucidityDark,World of Sleepers LE,770,-99
2020-02-27 21:17:28+00:00,/home/dominik/Links/SC2Reps/Simulacrum LE (34).SC2Replay,False,Protoss,Terran,4139,4401,&lt;PlAr&gt;<sp/>Arcanewinds,Simulacrum LE,559,-262
2020-02-28 07:06:26+00:00,/home/dominik/Links/SC2Reps/Ephemeron LE (49).SC2Replay,False,Protoss,Zerg,4117,4444,IIIIIIIIIIII,Ephemeron LE,256,-327
2020-02-29 15:07:01+00:00,/home/dominik/Links/SC2Reps/Ephemeron LE (50).SC2Replay,False,Protoss,Terran,4100,4467,&lt;HBeS&gt;<sp/>LoziRa,Ephemeron LE,446,-367
2020-02-29 15:22:31+00:00,/home/dominik/Links/SC2Reps/Ephemeron LE (51).SC2Replay,True,Protoss,Zerg,4083,4060,StepO,Ephemeron LE,838,23
2020-02-29 15:40:54+00:00,/home/dominik/Links/SC2Reps/Nightshade LE (36).SC2Replay,False,Protoss,Zerg,4104,4193,Othello,Nightshade LE,635,-89
2020-02-29 15:49:56+00:00,/home/dominik/Links/SC2Reps/Ephemeron LE (52).SC2Replay,False,Protoss,Protoss,4085,4175,&lt;Irri&gt;<sp/>Irrichi,Ephemeron LE,400,-90
2020-03-01 20:09:47+00:00,/home/dominik/Links/SC2Reps/Simulacrum LE (35).SC2Replay,True,Protoss,Zerg,4066,3999,FckVwls,Simulacrum LE,1137,67
2020-03-02 09:38:32+00:00,/home/dominik/Links/SC2Reps/Simulacrum LE (36).SC2Replay,True,Protoss,Zerg,4086,4004,Piliskner,Simulacrum LE,945,82
2020-03-02 09:52:39+00:00,/home/dominik/Links/SC2Reps/Nightshade LE (37).SC2Replay,False,Protoss,Terran,4105,4285,IIIIIIIIIIII,Nightshade LE,786,-180
2020-03-02 10:06:27+00:00,/home/dominik/Links/SC2Reps/Simulacrum LE (37).SC2Replay,True,Protoss,Protoss,4088,4019,TGNP,Simulacrum LE,696,69
2020-03-02 13:26:04+00:00,/home/dominik/Links/SC2Reps/Simulacrum LE (38).SC2Replay,True,Protoss,Protoss,4106,4190,WizZy,Simulacrum LE,390,-84
2020-03-02 13:45:55+00:00,/home/dominik/Links/SC2Reps/Simulacrum LE (39).SC2Replay,True,Protoss,Protoss,4130,4166,WizZy,Simulacrum LE,1177,-36
2020-03-04 17:23:14+00:00,/home/dominik/Links/SC2Reps/Nightshade LE (38).SC2Replay,False,Protoss,Zerg,4153,4183,MothMonkey,Nightshade LE,385,-30
2020-03-04 17:39:40+00:00,/home/dominik/Links/SC2Reps/Simulacrum LE (40).SC2Replay,False,Protoss,Zerg,4132,4076,Leaf,Simulacrum LE,923,56
2020-03-04 17:52:41+00:00,/home/dominik/Links/SC2Reps/Ephemeron LE (53).SC2Replay,False,Protoss,Terran,4109,4242,helloRJ,Ephemeron LE,751,-133
2020-03-05 21:18:52+00:00,/home/dominik/Links/SC2Reps/Ephemeron LE (54).SC2Replay,False,Protoss,Protoss,4091,4017,Cyborg,Ephemeron LE,782,74
2020-03-09 10:57:07+00:00,/home/dominik/Links/SC2Reps/Ephemeron LE (55).SC2Replay,False,Protoss,Terran,4068,-36400,мясник,Ephemeron LE,718,40468
2020-03-09 11:03:30+00:00,/home/dominik/Links/SC2Reps/Nightshade LE (39).SC2Replay,False,Protoss,Protoss,4050,4228,Noldo,Nightshade LE,225,-178
2020-03-09 11:22:11+00:00,/home/dominik/Links/SC2Reps/World of Sleepers LE (55).SC2Replay,True,Protoss,Zerg,4033,4001,Vorp,World of Sleepers LE,1084,32
2020-03-10 19:22:15+00:00,/home/dominik/Links/SC2Reps/Ephemeron LE (56).SC2Replay,False,Protoss,Protoss,4053,4099,&lt;FaDr&gt;<sp/>BURNIE,Ephemeron LE,372,-46
2020-03-10 19:40:43+00:00,/home/dominik/Links/SC2Reps/Simulacrum LE (41).SC2Replay,True,Protoss,Zerg,4032,4050,Drakezul,Simulacrum LE,1077,-18
2020-03-11 20:53:48+00:00,/home/dominik/Links/SC2Reps/Simulacrum LE (42).SC2Replay,False,Protoss,Terran,4054,3973,StaryPijany,Simulacrum LE,531,81
2020-03-12 18:55:52+00:00,/home/dominik/Links/SC2Reps/Golden Wall LE.SC2Replay,False,Protoss,Protoss,4030,4037,ORIGYN,Golden Wall LE,477,-7
2020-03-12 19:06:49+00:00,/home/dominik/Links/SC2Reps/Ever Dream LE.SC2Replay,False,Protoss,Protoss,4009,3905,Salomoon,Ever Dream LE,594,104
2020-03-13 07:52:51+00:00,/home/dominik/Links/SC2Reps/Ever Dream LE (3)_pvp_need_warp_prism.SC2Replay,False,Protoss,Protoss,3984,4240,&lt;Dobro&gt;<sp/>KINE,Ever Dream LE,936,-256
2020-03-14 15:13:34+00:00,/home/dominik/Links/SC2Reps/Ever Dream LE (2).SC2Replay,True,Protoss,Protoss,3970,4065,adrianjakuba,Ever Dream LE,276,-95
2020-03-14 15:18:34+00:00,/home/dominik/Links/SC2Reps/Simulacrum LE (43).SC2Replay,True,Protoss,Terran,3993,3975,ODISEO,Simulacrum LE,220,18
2020-03-14 15:34:48+00:00,/home/dominik/Links/SC2Reps/Zen LE.SC2Replay,True,Protoss,Terran,4014,3919,&lt;SCTR&gt;<sp/>LimeTime,Zen LE,785,95
2020-03-14 16:18:04+00:00,/home/dominik/Links/SC2Reps/Nightshade LE (40).SC2Replay,False,Protoss,Terran,4033,4091,&lt;PLA2N&gt;<sp/>ZloyVakarian,Nightshade LE,374,-58
2020-03-14 16:31:42+00:00,/home/dominik/Links/SC2Reps/Purity and Industry LE.SC2Replay,False,Protoss,Zerg,4013,4093,hellyeah,Purity and Industry LE,746,-80
2020-03-14 16:58:41+00:00,/home/dominik/Links/SC2Reps/Golden Wall LE (3).SC2Replay,True,Protoss,Zerg,0,0,A.I. 1 (Elite),Golden Wall LE,1014,0
2020-03-14 20:10:15+00:00,/home/dominik/Links/SC2Reps/Simulacrum LE (44).SC2Replay,True,Protoss,Terran,3994,4045,&lt;GROF&gt;<sp/>Shefarin,Simulacrum LE,923,-51
2020-03-14 20:23:13+00:00,/home/dominik/Links/SC2Reps/Purity and Industry LE (2).SC2Replay,True,Protoss,Terran,4017,4045,Ben,Purity and Industry LE,734,-28
2020-03-18 12:33:17+00:00,/home/dominik/Links/SC2Reps/Nightshade LE (41).SC2Replay,False,Protoss,Protoss,4040,4101,ManeWicht,Nightshade LE,131,-61
2020-03-18 12:41:44+00:00,/home/dominik/Links/SC2Reps/Zen LE (2).SC2Replay,True,Protoss,Protoss,4020,3975,Apollo,Zen LE,459,45
2020-03-18 12:57:49+00:00,/home/dominik/Links/SC2Reps/Golden Wall LE (4).SC2Replay,True,Protoss,Terran,4040,4189,&lt;noIMBA&gt;<sp/>Facehugger,Golden Wall LE,865,-149
2020-03-22 11:58:56+00:00,/home/dominik/Links/SC2Reps/Ever Dream LE (3).SC2Replay,False,Protoss,Terran,4066,4047,&lt;Hasu&gt;<sp/>RunGen,Ever Dream LE,935,19
2020-03-22 12:03:13+00:00,/home/dominik/Links/SC2Reps/Nightshade LE (42).SC2Replay,False,Protoss,Terran,4044,4003,OOOOOOOOOOOO,Nightshade LE,232,41
2020-03-24 16:59:08+00:00,/home/dominik/Links/SC2Reps/Purity and Industry LE (3).SC2Replay,True,Zerg,Protoss,3086,3078,Steelseer,Purity and Industry LE,611,8
2020-03-29 20:40:34+00:00,/home/dominik/Links/SC2Reps/Nightshade LE (43).SC2Replay,False,Protoss,Protoss,4022,4040,&lt;SCBoys&gt;<sp/>CiRkuS,Nightshade LE,867,-18
2020-03-30 15:48:04+00:00,/home/dominik/Links/SC2Reps/Simulacrum LE (45).SC2Replay,False,Protoss,Zerg,4001,3997,Bee,Simulacrum LE,616,4
2020-03-31 12:27:18+00:00,/home/dominik/Links/SC2Reps/Golden Wall LE (5).SC2Replay,True,Protoss,Terran,3979,4010,&lt;lLiTl&gt;<sp/>Rud,Golden Wall LE,1051,-31
2020-04-01 06:54:32+00:00,/home/dominik/Links/SC2Reps/Simulacrum LE (46).SC2Replay,True,Protoss,Zerg,4000,4023,&lt;TRSO&gt;<sp/>THERIPPER,Simulacrum LE,950,-23
2020-04-14 08:05:27+00:00,/home/dominik/Links/SC2Reps/Zen LE (3).SC2Replay,False,Protoss,Zerg,0,0,A.I. 1 (Very Easy),Zen LE,6,0
2020-04-15 14:28:40+00:00,/home/dominik/Links/SC2Reps/Purity and Industry LE (4).SC2Replay,True,Protoss,Protoss,4022,4004,MrBeck,Purity and Industry LE,574,18
2020-04-15 14:50:51+00:00,/home/dominik/Links/SC2Reps/Ever Dream LE (4).SC2Replay,False,Protoss,Zerg,4043,3939,Anrik,Ever Dream LE,447,104
2020-04-15 15:03:08+00:00,/home/dominik/Links/SC2Reps/Simulacrum LE (47).SC2Replay,False,Protoss,Zerg,4018,4153,Tomus,Simulacrum LE,603,-135
2020-04-15 19:20:27+00:00,/home/dominik/Links/SC2Reps/Ever Dream LE (5).SC2Replay,True,Protoss,Terran,0,0,&lt;TGCrew&gt;<sp/>Paloma,Ever Dream LE,782,0
2020-04-15 19:29:20+00:00,/home/dominik/Links/SC2Reps/Ever Dream LE (6).SC2Replay,False,Protoss,Terran,0,0,&lt;TGCrew&gt;<sp/>Paloma,Ever Dream LE,532,0
2020-04-15 19:41:39+00:00,/home/dominik/Links/SC2Reps/Simulacrum LE (48).SC2Replay,False,Protoss,Terran,0,0,&lt;TGCrew&gt;<sp/>Paloma,Simulacrum LE,619,0
2020-04-17 19:15:54+00:00,/home/dominik/Links/SC2Reps/Simulacrum LE (49).SC2Replay,True,Protoss,Terran,4001,3962,Vanquish,Simulacrum LE,346,39
2020-04-17 19:31:37+00:00,/home/dominik/Links/SC2Reps/Simulacrum LE (50).SC2Replay,True,Protoss,Terran,4021,4030,Boban,Simulacrum LE,882,-9
2020-04-17 20:10:15+00:00,/home/dominik/Links/SC2Reps/Purity and Industry LE (5).SC2Replay,False,Protoss,Terran,4062,4050,Etharis,Purity and Industry LE,792,12
2020-04-17 20:20:05+00:00,/home/dominik/Links/SC2Reps/Simulacrum LE (52).SC2Replay,True,Protoss,Terran,4040,4080,&lt;Peeps&gt;<sp/>ReNoVation,Simulacrum LE,443,-40
2020-04-17 20:26:10+00:00,/home/dominik/Links/SC2Reps/Golden Wall LE (6).SC2Replay,False,Protoss,Protoss,4062,4093,&lt;HBGS&gt;<sp/>ShoWTimE,Golden Wall LE,297,-31
2020-04-18 20:05:07+00:00,/home/dominik/Links/SC2Reps/Purity and Industry LE (6).SC2Replay,False,Protoss,Zerg,4042,4071,MouseGGAXE,Purity and Industry LE,421,-29
2020-04-18 20:18:26+00:00,/home/dominik/Links/SC2Reps/Zen LE (5).SC2Replay,True,Protoss,Zerg,4021,4013,&lt;HsDL&gt;<sp/>Domius,Zen LE,749,8
2020-04-18 20:30:57+00:00,/home/dominik/Links/SC2Reps/Simulacrum LE (53).SC2Replay,False,Protoss,Terran,4042,4146,Alyaska,Simulacrum LE,651,-104
2020-04-18 20:45:46+00:00,/home/dominik/Links/SC2Reps/Purity and Industry LE (7).SC2Replay,True,Protoss,Terran,4022,4109,&lt;RBP3&gt;<sp/>Steal,Purity and Industry LE,794,-87
2020-04-19 10:59:16+00:00,/home/dominik/Links/SC2Reps/Simulacrum LE (54).SC2Replay,False,Protoss,Zerg,0,0,shadowofmich,Simulacrum LE,522,0
2020-04-19 11:14:04+00:00,/home/dominik/Links/SC2Reps/Simulacrum LE (55).SC2Replay,True,Protoss,Zerg,0,0,shadowofmich,Simulacrum LE,646,0
2020-04-19 11:26:52+00:00,/home/dominik/Links/SC2Reps/Simulacrum LE (56).SC2Replay,True,Protoss,Zerg,0,0,shadowofmich,Simulacrum LE,658,0
2020-04-19 11:34:20+00:00,/home/dominik/Links/SC2Reps/Simulacrum LE (57).SC2Replay,False,Protoss,Zerg,0,0,shadowofmich,Simulacrum LE,382,0
2020-04-19 11:48:32+00:00,/home/dominik/Links/SC2Reps/Simulacrum LE (59).SC2Replay,True,Protoss,Zerg,0,0,shadowofmich,Simulacrum LE,297,0
2020-04-19 12:01:37+00:00,/home/dominik/Links/SC2Reps/Simulacrum LE (60).SC2Replay,True,Protoss,Zerg,0,0,shadowofmich,Simulacrum LE,751,0
2020-04-20 11:40:13+00:00,/home/dominik/Links/SC2Reps/Nightshade LE (44).SC2Replay,True,Protoss,Terran,4047,4019,Kilkenny,Nightshade LE,788,28
2020-04-21 19:29:13+00:00,/home/dominik/Links/SC2Reps/Zen LE (6).SC2Replay,False,Protoss,Protoss,4067,4049,BsCMBANerd,Zen LE,131,18
2020-04-22 20:24:41+00:00,/home/dominik/Links/SC2Reps/Golden Wall LE (7).SC2Replay,False,Protoss,Protoss,4045,3998,puLse,Golden Wall LE,534,47
2020-04-22 20:30:29+00:00,/home/dominik/Links/SC2Reps/Golden Wall LE (8).SC2Replay,False,Protoss,Protoss,4022,4021,puLse,Golden Wall LE,305,1
2020-04-22 20:45:38+00:00,/home/dominik/Links/SC2Reps/Simulacrum LE (61).SC2Replay,True,Protoss,Zerg,4001,3959,mSin,Simulacrum LE,704,42
2020-04-23 15:13:24+00:00,/home/dominik/Links/SC2Reps/Ever Dream LE (7).SC2Replay,True,Protoss,Zerg,0,0,&lt;ROXKIS&gt;<sp/>Shaddar,Ever Dream LE,470,0
2020-04-23 15:24:24+00:00,/home/dominik/Links/SC2Reps/Ever Dream LE (8).SC2Replay,True,Protoss,Zerg,0,0,&lt;ROXKIS&gt;<sp/>Shaddar,Ever Dream LE,582,0
2020-04-23 15:33:05+00:00,/home/dominik/Links/SC2Reps/Ever Dream LE (9).SC2Replay,False,Protoss,Zerg,0,0,&lt;ROXKIS&gt;<sp/>Shaddar,Ever Dream LE,66,0
2020-04-23 15:40:25+00:00,/home/dominik/Links/SC2Reps/Ever Dream LE (10).SC2Replay,False,Protoss,Zerg,0,0,&lt;ROXKIS&gt;<sp/>Shaddar,Ever Dream LE,385,0
2020-04-23 15:56:17+00:00,/home/dominik/Links/SC2Reps/Ever Dream LE (11).SC2Replay,True,Protoss,Zerg,0,0,&lt;ROXKIS&gt;<sp/>Shaddar,Ever Dream LE,895,0
2020-04-23 16:04:26+00:00,/home/dominik/Links/SC2Reps/Ever Dream LE (12).SC2Replay,False,Protoss,Zerg,0,0,&lt;ROXKIS&gt;<sp/>Shaddar,Ever Dream LE,384,0
2020-04-23 16:22:18+00:00,/home/dominik/Links/SC2Reps/Ever Dream LE (13).SC2Replay,True,Protoss,Zerg,0,0,&lt;ROXKIS&gt;<sp/>Shaddar,Ever Dream LE,858,0
2020-04-24 18:14:15+00:00,/home/dominik/Links/SC2Reps/Simulacrum LE (62).SC2Replay,False,Protoss,Zerg,4021,3985,Spider,Simulacrum LE,369,36
2020-04-24 18:18:47+00:00,/home/dominik/Links/SC2Reps/Golden Wall LE (9).SC2Replay,False,Protoss,Zerg,3999,3990,Spider,Golden Wall LE,218,9
2020-04-27 11:04:39+00:00,/home/dominik/Links/SC2Reps/Purity and Industry LE (8).SC2Replay,False,Protoss,Protoss,3977,4002,Mitchowyn,Purity and Industry LE,369,-25
2020-04-27 11:06:38+00:00,/home/dominik/Links/SC2Reps/Golden Wall LE (10).SC2Replay,True,Protoss,Terran,3956,4033,Etharis,Golden Wall LE,22,-77
2020-04-27 11:15:08+00:00,/home/dominik/Links/SC2Reps/Zen LE (7).SC2Replay,False,Protoss,Zerg,3980,3883,DupaDuupa,Zen LE,455,97
2020-04-27 11:29:31+00:00,/home/dominik/Links/SC2Reps/Simulacrum LE (63).SC2Replay,True,Protoss,Terran,3955,4123,&lt;BARJO&gt;<sp/>JDH,Simulacrum LE,843,-168
2020-04-27 11:42:24+00:00,/home/dominik/Links/SC2Reps/Nightshade LE (45).SC2Replay,False,Protoss,Zerg,3975,4199,&lt;NetGG&gt;<sp/>vladozerg,Nightshade LE,695,-224
2020-04-27 12:02:46+00:00,/home/dominik/Links/SC2Reps/Nightshade LE (46).SC2Replay,False,Protoss,Terran,3959,3851,Schmaunzer,Nightshade LE,611,108
2020-04-27 12:24:52+00:00,/home/dominik/Links/SC2Reps/Nightshade LE (47).SC2Replay,False,Protoss,Zerg,3935,3889,Ise,Nightshade LE,1218,46
2020-04-28 12:16:11+00:00,/home/dominik/Links/SC2Reps/Simulacrum LE (64).SC2Replay,False,Protoss,Zerg,3912,4045,DupaDuupa,Simulacrum LE,728,-133
2020-04-28 12:40:14+00:00,/home/dominik/Links/SC2Reps/Ever Dream LE (14).SC2Replay,True,Protoss,Zerg,3872,5035,&lt;Mkers&gt;<sp/>Doc,Ever Dream LE,1376,-1163
2020-04-28 13:05:12+00:00,/home/dominik/Links/SC2Reps/Nightshade LE (49).SC2Replay,True,Protoss,Protoss,3895,3856,AndrU,Nightshade LE,845,39
2020-04-30 10:56:43+00:00,/home/dominik/Links/SC2Reps/Purity and Industry LE (9).SC2Replay,True,Protoss,Zerg,3915,3924,&lt;RIIP&gt;<sp/>Airea,Purity and Industry LE,534,-9
2020-04-30 11:20:00+00:00,/home/dominik/Links/SC2Reps/Purity and Industry LE (10).SC2Replay,True,Protoss,Zerg,3937,3902,&lt;RIIP&gt;<sp/>Airea,Purity and Industry LE,1381,35
2020-04-30 11:33:13+00:00,/home/dominik/Links/SC2Reps/Nightshade LE (50).SC2Replay,True,Protoss,Zerg,3957,4088,KillemAll,Nightshade LE,725,-131
2020-04-30 18:14:21+00:00,/home/dominik/Links/SC2Reps/Purity and Industry LE (11).SC2Replay,False,Protoss,Terran,3983,3921,FrosT,Purity and Industry LE,233,62
2020-04-30 18:34:01+00:00,/home/dominik/Links/SC2Reps/Nightshade LE (51).SC2Replay,True,Protoss,Terran,3964,4055,&lt;BRs&gt;<sp/>GoodFellas,Nightshade LE,1040,-91
2020-05-01 11:39:32+00:00,/home/dominik/Links/SC2Reps/Ever Dream LE (15).SC2Replay,False,Protoss,Zerg,3988,3952,Samaya,Ever Dream LE,307,36
2020-05-01 11:59:09+00:00,/home/dominik/Links/SC2Reps/Zen LE (8).SC2Replay,False,Protoss,Zerg,3965,4027,fireballkid,Zen LE,958,-62
2020-05-01 12:12:21+00:00,/home/dominik/Links/SC2Reps/Simulacrum LE (65).SC2Replay,False,Protoss,Protoss,3945,3905,xyzxyzxyz,Simulacrum LE,754,40
2020-05-01 12:37:24+00:00,/home/dominik/Links/SC2Reps/Ever Dream LE (16).SC2Replay,True,Protoss,Zerg,3923,3770,&lt;HsDL&gt;<sp/>Zero,Ever Dream LE,805,153
2020-05-01 12:42:40+00:00,/home/dominik/Links/SC2Reps/Golden Wall LE (11).SC2Replay,True,Protoss,Protoss,3944,3940,Cptred,Golden Wall LE,278,4
2020-05-01 12:54:20+00:00,/home/dominik/Links/SC2Reps/Nightshade LE (52).SC2Replay,False,Protoss,Protoss,3965,3899,Cptred,Nightshade LE,415,66
2020-05-01 13:09:10+00:00,/home/dominik/Links/SC2Reps/Ever Dream LE (17).SC2Replay,True,Protoss,Protoss,3942,4082,&lt;IBeAŚI&gt;<sp/>Epiku,Ever Dream LE,711,-140
2020-05-02 14:40:15+00:00,/home/dominik/Links/SC2Reps/Golden Wall LE (12).SC2Replay,False,Protoss,Zerg,3968,3921,&lt;IndyK&gt;<sp/>Wawszyn,Golden Wall LE,401,47
2020-05-02 14:53:55+00:00,/home/dominik/Links/SC2Reps/Nightshade LE (53).SC2Replay,True,Protoss,Terran,3945,3931,&lt;EZPTS&gt;<sp/>talisman,Nightshade LE,792,14
2020-05-02 18:28:26+00:00,/home/dominik/Links/SC2Reps/Simulacrum LE (66).SC2Replay,True,Protoss,Zerg,-36400,0,A.I. 1 (Very Easy),Simulacrum LE,369,-36400
2020-05-02 18:35:12+00:00,/home/dominik/Links/SC2Reps/Nightshade LE (54).SC2Replay,True,Protoss,Protoss,-36400,0,A.I. 1 (Very Easy),Nightshade LE,386,-36400
2020-05-02 18:46:10+00:00,/home/dominik/Links/SC2Reps/Eternal Empire LE (32).SC2Replay,True,Protoss,Zerg,-36400,0,A.I. 1 (Easy),Eternal Empire LE,464,-36400
2020-05-02 19:06:35+00:00,/home/dominik/Links/SC2Reps/Ever Dream LE (18).SC2Replay,False,Protoss,Zerg,3966,3959,Pokimon,Ever Dream LE,647,7
2020-05-02 19:20:36+00:00,/home/dominik/Links/SC2Reps/Zen LE (9).SC2Replay,True,Protoss,Protoss,3944,3998,mozgj,Zen LE,823,-54
2020-05-02 19:31:03+00:00,/home/dominik/Links/SC2Reps/Simulacrum LE (67).SC2Replay,True,Zerg,Zerg,3117,3119,doomsdayza,Simulacrum LE,568,-2
2020-05-03 20:09:30+00:00,/home/dominik/Links/SC2Reps/todo zvp ravager walk.SC2Replay,False,Protoss,Zerg,3966,3888,RomaNo,Purity and Industry LE,270,78
2020-05-03 20:33:12+00:00,/home/dominik/Links/SC2Reps/Golden Wall LE (13).SC2Replay,True,Protoss,Zerg,3942,4039,&lt;FSeS&gt;<sp/>Wizzlô,Golden Wall LE,1369,-97
2020-05-03 20:43:35+00:00,/home/dominik/Links/SC2Reps/Purity and Industry LE (12).SC2Replay,False,Protoss,Zerg,3966,3988,Mich,Purity and Industry LE,500,-22
2020-05-03 20:53:32+00:00,/home/dominik/Links/SC2Reps/Simulacrum LE (68).SC2Replay,False,Protoss,Protoss,3946,4025,Epicnoob,Simulacrum LE,535,-79
2020-05-04 12:43:06+00:00,/home/dominik/Links/SC2Reps/Golden Wall LE (14).SC2Replay,True,Protoss,Terran,3926,3831,StaMinA,Golden Wall LE,784,95
2020-05-04 12:58:09+00:00,/home/dominik/Links/SC2Reps/Ever Dream LE (19).SC2Replay,True,Protoss,Terran,3945,3952,Doghum,Ever Dream LE,869,-7
2020-05-04 13:02:05+00:00,/home/dominik/Links/SC2Reps/Simulacrum LE (69).SC2Replay,True,Protoss,Protoss,3967,3945,Piiras,Simulacrum LE,199,22
2020-05-05 17:32:14+00:00,/home/dominik/Links/SC2Reps/Simulacrum LE (70).SC2Replay,True,Protoss,Zerg,3988,3869,&lt;VKT&gt;<sp/>Rørtangen,Simulacrum LE,620,119
2020-05-05 17:44:27+00:00,/home/dominik/Links/SC2Reps/Simulacrum LE (71).SC2Replay,True,Protoss,Zerg,4005,3981,&lt;ƮesXG&gt;<sp/>Rymdkrigaren,Simulacrum LE,696,24
2020-05-05 18:00:50+00:00,/home/dominik/Links/SC2Reps/Purity and Industry LE (13).SC2Replay,True,Protoss,Protoss,4026,3833,helldenn,Purity and Industry LE,873,193
2020-05-07 09:30:41+00:00,/home/dominik/Links/SC2Reps/Golden Wall LE (15).SC2Replay,True,Protoss,Zerg,4042,4008,&lt;BRSKR&gt;<sp/>Hexe,Golden Wall LE,985,34
2020-05-07 09:42:21+00:00,/home/dominik/Links/SC2Reps/Zen LE (10).SC2Replay,True,Protoss,Terran,4062,4119,Yeezus,Zen LE,665,-57
2020-05-07 10:13:37+00:00,/home/dominik/Links/SC2Reps/Golden Wall LE (16).SC2Replay,True,Protoss,Terran,4086,4072,Yeezus,Golden Wall LE,1595,14
2020-05-08 11:14:30+00:00,/home/dominik/Links/SC2Reps/Zen LE (11).SC2Replay,True,Protoss,Protoss,4107,4047,&lt;tXs&gt;<sp/>TheBloke,Zen LE,992,60
2020-05-08 11:34:03+00:00,/home/dominik/Links/SC2Reps/Nightshade LE (55).SC2Replay,True,Protoss,Zerg,4127,4018,Ergopro,Nightshade LE,1157,109
2020-05-10 18:56:45+00:00,/home/dominik/Links/SC2Reps/Simulacrum LE (72).SC2Replay,False,Protoss,Terran,4145,4427,Törttö,Simulacrum LE,1009,-282
2020-05-10 19:12:24+00:00,/home/dominik/Links/SC2Reps/Ever Dream LE (20).SC2Replay,False,Protoss,Terran,4131,4105,&lt;2G1M&gt;<sp/>Mime,Ever Dream LE,834,26
2020-05-10 19:29:37+00:00,/home/dominik/Links/SC2Reps/Zen LE (12).SC2Replay,False,Protoss,Terran,4109,4127,&lt;2G1M&gt;<sp/>Mime,Zen LE,999,-18
2020-05-11 09:23:27+00:00,/home/dominik/Links/SC2Reps/Zen LE (13).SC2Replay,False,Protoss,Zerg,4088,4225,DonkeyMonkey,Zen LE,605,-137
2020-05-11 09:35:55+00:00,/home/dominik/Links/SC2Reps/Zen LE (14).SC2Replay,False,Protoss,Zerg,4070,4142,Elosai,Zen LE,696,-72
2020-05-11 09:41:36+00:00,/home/dominik/Links/SC2Reps/Simulacrum LE (73).SC2Replay,False,Protoss,Terran,4051,3944,ElBarto,Simulacrum LE,216,107
2020-05-11 16:06:39+00:00,/home/dominik/Links/SC2Reps/Ever Dream LE (21).SC2Replay,False,Protoss,Zerg,0,0,TGE,Ever Dream LE,935,0
2020-05-11 16:28:32+00:00,/home/dominik/Links/SC2Reps/Nightshade LE (56).SC2Replay,True,Protoss,Zerg,0,0,TGE,Nightshade LE,1184,0
2020-05-12 17:37:31+00:00,/home/dominik/Links/SC2Reps/Ever Dream LE (22).SC2Replay,False,Protoss,Zerg,4026,4040,Tiger,Ever Dream LE,433,-14
2020-05-12 17:59:35+00:00,/home/dominik/Links/SC2Reps/Nightshade LE (57).SC2Replay,True,Protoss,Zerg,4005,4016,BuRneR,Nightshade LE,1260,-11
2020-05-12 18:11:01+00:00,/home/dominik/Links/SC2Reps/Simulacrum LE (74).SC2Replay,False,Protoss,Zerg,4027,4126,Лох,Simulacrum LE,545,-99
2020-05-15 20:33:15+00:00,/home/dominik/Links/SC2Reps/Zen LE (15).SC2Replay,True,Protoss,Zerg,0,0,A.I. 1 (Elite),Zen LE,574,0
2020-05-15 20:43:42+00:00,/home/dominik/Links/SC2Reps/Zen LE (16) (vs ai stats pvz).SC2Replay,True,Protoss,Zerg,0,0,A.I. 1 (Elite),Zen LE,579,0
2020-05-15 20:56:24+00:00,/home/dominik/Links/SC2Reps/Ever Dream LE (23).SC2Replay,True,Protoss,Protoss,4006,3960,TerenceSkill,Ever Dream LE,745,46
2020-05-25 11:18:22+00:00,/home/dominik/Links/SC2Reps/Nightshade LE (58).SC2Replay,True,Protoss,Zerg,0,0,TGE,Nightshade LE,813,0
2020-05-25 11:33:51+00:00,/home/dominik/Links/SC2Reps/Golden Wall LE (17).SC2Replay,True,Protoss,Zerg,0,0,TGE,Golden Wall LE,857,0
2020-05-25 11:59:22+00:00,/home/dominik/Links/SC2Reps/Golden Wall LE (18).SC2Replay,False,Protoss,Zerg,0,0,TGE,Golden Wall LE,1251,0
2020-05-26 09:13:43+00:00,/home/dominik/Links/SC2Reps/Zen LE (16).SC2Replay,True,Protoss,Terran,4026,3981,Marvin,Zen LE,421,45
2020-05-26 09:34:07+00:00,/home/dominik/Links/SC2Reps/Zen LE (17).SC2Replay,False,Protoss,Protoss,4046,4040,kerokero,Zen LE,1136,6
2020-05-26 09:46:32+00:00,/home/dominik/Links/SC2Reps/Zen LE (18).SC2Replay,False,Protoss,Protoss,4024,4074,MKPrime,Zen LE,646,-50
2020-05-27 09:57:09+00:00,/home/dominik/Links/SC2Reps/Deathaura LE.SC2Replay,True,Protoss,Zerg,0,0,A.I. 1 (Elite),Deathaura LE,601,0
2020-05-27 10:12:25+00:00,/home/dominik/Links/SC2Reps/Nightshade LE (59).SC2Replay,False,Protoss,Protoss,4004,4093,MasterZERG,Nightshade LE,578,-89
2020-05-27 10:21:13+00:00,/home/dominik/Links/SC2Reps/Ever Dream LE (24).SC2Replay,True,Protoss,Terran,3985,3887,Froze,Ever Dream LE,461,98
2020-05-27 10:32:29+00:00,/home/dominik/Links/SC2Reps/Nightshade LE (60).SC2Replay,True,Protoss,Terran,4004,4173,giletjaune,Nightshade LE,601,-169
2020-05-27 10:56:00+00:00,/home/dominik/Links/SC2Reps/Simulacrum LE (75).SC2Replay,True,Protoss,Terran,4030,4103,CleanSweep,Simulacrum LE,719,-73
2020-05-29 11:34:43+00:00,/home/dominik/Links/SC2Reps/Eternal Empire LE (33).SC2Replay,True,Protoss,Protoss,0,0,A.I. 1 (Elite),Eternal Empire LE,409,0
2020-05-29 12:17:30+00:00,/home/dominik/Links/SC2Reps/Ever Dream LE (25).SC2Replay,True,Protoss,Terran,4054,3929,&lt;SeoYN&gt;<sp/>General,Ever Dream LE,2385,125
2020-05-29 17:58:42+00:00,/home/dominik/Links/SC2Reps/Eternal Empire LE (34).SC2Replay,True,Protoss,Zerg,4072,4040,Sclera,Eternal Empire LE,1724,32
2020-05-29 18:27:53+00:00,/home/dominik/Links/SC2Reps/Ever Dream LE (26).SC2Replay,False,Protoss,Terran,4093,4081,&lt;Hasu&gt;<sp/>RunGen,Ever Dream LE,1582,12
2020-05-30 20:50:13+00:00,/home/dominik/Links/SC2Reps/Golden Wall LE (19).SC2Replay,True,Protoss,Zerg,4071,3949,Hellfighter,Golden Wall LE,718,122
2020-05-30 21:10:17+00:00,/home/dominik/Links/SC2Reps/Eternal Empire LE (35).SC2Replay,True,Protoss,Terran,4089,4123,Onkelelak,Eternal Empire LE,996,-34
2020-06-01 11:40:30+00:00,/home/dominik/Links/SC2Reps/Eternal Empire LE (36).SC2Replay,False,Protoss,Zerg,4112,4253,Minoda,Eternal Empire LE,570,-141
2020-06-01 11:53:17+00:00,/home/dominik/Links/SC2Reps/Nightshade LE (61).SC2Replay,False,Protoss,Zerg,4094,4223,iga,Nightshade LE,687,-129
2020-06-02 18:39:35+00:00,/home/dominik/Links/SC2Reps/Ever Dream LE (27).SC2Replay,True,Protoss,Protoss,4076,4059,IIIIIIIII,Ever Dream LE,722,17
2020-06-02 18:56:11+00:00,/home/dominik/Links/SC2Reps/Eternal Empire LE (37).SC2Replay,True,Protoss,Zerg,4097,4028,&lt;IndyK&gt;<sp/>Wawszyn,Eternal Empire LE,874,69
2020-06-03 17:53:48+00:00,/home/dominik/Links/SC2Reps/Nightshade LE (62).SC2Replay,True,Protoss,Terran,4117,3946,&lt;DisES&gt;<sp/>Kamenashi,Nightshade LE,471,171
2020-06-03 17:54:42+00:00,/home/dominik/Links/SC2Reps/Golden Wall LE (20).SC2Replay,True,Protoss,Terran,4133,4160,Etharis,Golden Wall LE,3,-27
2020-06-03 18:04:43+00:00,/home/dominik/Links/SC2Reps/Simulacrum LE (76).SC2Replay,True,Protoss,Protoss,4156,4244,Liverpool,Simulacrum LE,529,-88
2020-06-03 18:34:39+00:00,/home/dominik/Links/SC2Reps/Ever Dream LE (28).SC2Replay,True,Protoss,Zerg,4180,4304,feetlover,Ever Dream LE,763,-124
2020-06-04 19:03:54+00:00,/home/dominik/Links/SC2Reps/Simulacrum LE (77).SC2Replay,False,Protoss,Terran,4203,4182,JOOPSTAR,Simulacrum LE,332,21
2020-06-04 19:18:46+00:00,/home/dominik/Links/SC2Reps/Nightshade LE (63).SC2Replay,True,Protoss,Zerg,4181,4370,&lt;AiRǂ&gt;<sp/>SuperNova,Nightshade LE,846,-189
2020-06-09 16:57:17+00:00,/home/dominik/Links/SC2Reps/Golden Wall LE (21).SC2Replay,True,Protoss,Protoss,0,0,A.I. 1 (Elite),Golden Wall LE,444,0
2020-06-09 17:03:47+00:00,/home/dominik/Links/SC2Reps/Eternal Empire LE (38).SC2Replay,False,Protoss,Protoss,4208,4194,Ziiim,Eternal Empire LE,360,14
2020-06-09 17:11:15+00:00,/home/dominik/Links/SC2Reps/Eternal Empire LE (39).SC2Replay,False,Protoss,Zerg,4186,4147,djakette,Eternal Empire LE,420,39
2020-06-09 17:24:17+00:00,/home/dominik/Links/SC2Reps/Eternal Empire LE (40).SC2Replay,False,Protoss,Terran,4164,4232,StaMinA,Eternal Empire LE,758,-68
2020-06-10 11:18:56+00:00,/home/dominik/Links/SC2Reps/Ice and Chrome LE.SC2Replay,False,Protoss,Protoss,4144,4185,Guinness,Ice and Chrome LE,299,-41
2020-06-10 11:27:56+00:00,/home/dominik/Links/SC2Reps/Eternal Empire LE (41).SC2Replay,False,Protoss,Terran,4125,4000,Oink,Eternal Empire LE,211,125
2020-06-10 11:35:16+00:00,/home/dominik/Links/SC2Reps/Submarine LE.SC2Replay,False,Protoss,Protoss,4100,4188,&lt;UATeam&gt;<sp/>click,Submarine LE,343,-88
2020-06-13 18:12:03+00:00,/home/dominik/Links/SC2Reps/Deathaura LE (2).SC2Replay,False,Protoss,Zerg,4081,4047,&lt;MAYEK&gt;<sp/>gabtro,Deathaura LE,786,34
2020-06-13 18:28:41+00:00,/home/dominik/Links/SC2Reps/Pillars of Gold LE.SC2Replay,True,Protoss,Terran,4058,4034,Spectre,Pillars of Gold LE,886,24
2020-06-13 18:37:28+00:00,/home/dominik/Links/SC2Reps/Submarine LE (2).SC2Replay,True,Protoss,Terran,4079,4165,&lt;PŖïMĄŁ&gt;<sp/>Calixter,Submarine LE,503,-86
2020-06-13 18:54:06+00:00,/home/dominik/Links/SC2Reps/Submarine LE (3).SC2Replay,True,Protoss,Terran,4103,4038,zodiaK,Submarine LE,972,65
2020-06-14 11:25:10+00:00,/home/dominik/Links/SC2Reps/Deathaura LE (3).SC2Replay,False,Protoss,Zerg,4123,4203,IIIIIIIIIIII,Deathaura LE,353,-80
2020-06-14 11:41:32+00:00,/home/dominik/Links/SC2Reps/Golden Wall LE (22).SC2Replay,False,Protoss,Zerg,4104,4033,&lt;PLA2N&gt;<sp/>saccharose,Golden Wall LE,958,71
2020-06-14 11:55:40+00:00,/home/dominik/Links/SC2Reps/Ever Dream LE (29).SC2Replay,True,Protoss,Zerg,4080,4125,&lt;InBri&gt;<sp/>ImbAZerG,Ever Dream LE,812,-45
2020-06-14 11:55:40+00:00,/home/dominik/Links/SC2Reps/Ever Dream LE (29)_test.SC2Replay,True,Protoss,Zerg,4080,4125,&lt;InBri&gt;<sp/>ImbAZerG,Ever Dream LE,812,-45
2020-06-15 20:25:19+00:00,/home/dominik/Links/SC2Reps/Deathaura LE (4).SC2Replay,True,Protoss,Protoss,4103,4026,&lt;RIPIP&gt;<sp/>Crumbelade,Deathaura LE,864,77
2020-06-15 20:39:42+00:00,/home/dominik/Links/SC2Reps/Pillars of Gold LE (2).SC2Replay,False,Protoss,Terran,4122,4021,FroZeN,Pillars of Gold LE,751,101
2020-06-15 20:48:52+00:00,/home/dominik/Links/SC2Reps/Submarine LE (4).SC2Replay,False,Protoss,Terran,4098,4178,&lt;NVY&gt;<sp/>DeathMarine,Submarine LE,503,-80
2020-06-15 20:56:09+00:00,/home/dominik/Links/SC2Reps/Deathaura LE (5).SC2Replay,True,Protoss,Terran,4078,4494,&lt;PŖïMĄŁ&gt;<sp/>LeüHaN,Deathaura LE,211,-416
2020-06-15 21:10:48+00:00,/home/dominik/Links/SC2Reps/Pillars of Gold LE (3).SC2Replay,True,Protoss,Terran,4098,4089,MathewGg,Pillars of Gold LE,831,9
2020-06-19 10:59:39+00:00,/home/dominik/Links/SC2Reps/Deathaura LE (6).SC2Replay,False,Protoss,Terran,4119,4033,davinchi,Deathaura LE,559,86
2020-06-19 11:20:25+00:00,/home/dominik/Links/SC2Reps/Ice and Chrome LE (2).SC2Replay,True,Protoss,Zerg,4095,4120,&lt;SEWP&gt;<sp/>ЛЕВ,Ice and Chrome LE,1186,-25
2020-06-19 11:33:03+00:00,/home/dominik/Links/SC2Reps/Submarine LE (5).SC2Replay,False,Protoss,Terran,4117,4601,&lt;ICGl&gt;<sp/>PrimeMarine,Submarine LE,703,-484
2020-06-19 11:35:34+00:00,/home/dominik/Links/SC2Reps/Ice and Chrome LE (3).SC2Replay,False,Protoss,Protoss,4094,3987,MrElusive,Ice and Chrome LE,63,107
2020-06-23 11:48:24+00:00,/home/dominik/Links/SC2Reps/Pillars of Gold LE (4).SC2Replay,True,Protoss,Zerg,0,0,shadowofmich,Pillars of Gold LE,595,0
2020-06-23 11:59:40+00:00,/home/dominik/Links/SC2Reps/Pillars of Gold LE (5).SC2Replay,False,Protoss,Zerg,0,0,shadowofmich,Pillars of Gold LE,568,0
2020-06-23 12:13:01+00:00,/home/dominik/Links/SC2Reps/Pillars of Gold LE (6).SC2Replay,False,Protoss,Zerg,0,0,shadowofmich,Pillars of Gold LE,736,0
2020-06-23 12:24:29+00:00,/home/dominik/Links/SC2Reps/Pillars of Gold LE (7).SC2Replay,False,Protoss,Zerg,0,0,shadowofmich,Pillars of Gold LE,663,0
2020-06-23 12:36:39+00:00,/home/dominik/Links/SC2Reps/Pillars of Gold LE (8).SC2Replay,False,Protoss,Zerg,0,0,shadowofmich,Pillars of Gold LE,671,0
2020-06-25 19:29:03+00:00,/home/dominik/Links/SC2Reps/Ice and Chrome LE (4).SC2Replay,False,Protoss,Zerg,0,0,A.I. 1 (Elite),Ice and Chrome LE,651,0
2020-06-25 19:30:43+00:00,/home/dominik/Links/SC2Reps/Ice and Chrome LE (5).SC2Replay,False,Protoss,Zerg,0,0,A.I. 1 (Elite),Ice and Chrome LE,290,0
2020-06-25 19:35:32+00:00,/home/dominik/Links/SC2Reps/Ice and Chrome LE (6).SC2Replay,False,Protoss,Zerg,0,0,A.I. 1 (Elite),Ice and Chrome LE,503,0
2020-06-25 19:40:34+00:00,/home/dominik/Links/SC2Reps/Ice and Chrome LE (7).SC2Replay,True,Protoss,Zerg,0,0,A.I. 1 (Elite),Ice and Chrome LE,495,0
2020-06-25 19:44:49+00:00,/home/dominik/Links/SC2Reps/Ever Dream LE (30).SC2Replay,False,Protoss,Zerg,4070,4107,March,Ever Dream LE,157,-37
2020-06-25 19:58:36+00:00,/home/dominik/Links/SC2Reps/Submarine LE (6).SC2Replay,True,Protoss,Zerg,4049,4063,&lt;1POL&gt;<sp/>BaKsORO,Submarine LE,785,-14
2020-06-25 20:03:42+00:00,/home/dominik/Links/SC2Reps/Ice and Chrome LE (8).SC2Replay,False,Protoss,Zerg,4071,4632,&lt;nDiie&gt;<sp/>Saske,Ice and Chrome LE,242,-561
2020-06-25 20:10:00+00:00,/home/dominik/Links/SC2Reps/Golden Wall LE (23).SC2Replay,False,Protoss,Zerg,4048,4047,Tiger,Golden Wall LE,137,1
2020-06-25 20:29:53+00:00,/home/dominik/Links/SC2Reps/Ever Dream LE (31).SC2Replay,True,Protoss,Terran,4026,4011,illu,Ever Dream LE,1139,15
2020-06-29 07:54:13+00:00,/home/dominik/Links/SC2Reps/Ice and Chrome LE (9).SC2Replay,True,Protoss,Zerg,0,0,A.I. 1 (Elite),Ice and Chrome LE,506,0
2020-06-29 07:57:16+00:00,/home/dominik/Links/SC2Reps/Ice and Chrome LE (10).SC2Replay,False,Protoss,Zerg,0,0,A.I. 1 (Elite),Ice and Chrome LE,275,0
2020-06-29 07:58:32+00:00,/home/dominik/Links/SC2Reps/Ice and Chrome LE (11).SC2Replay,False,Protoss,Zerg,0,0,A.I. 1 (Elite),Ice and Chrome LE,304,0
2020-06-29 07:59:35+00:00,/home/dominik/Links/SC2Reps/Ice and Chrome LE (12).SC2Replay,False,Protoss,Zerg,0,0,A.I. 1 (Elite),Ice and Chrome LE,258,0
2020-06-29 08:05:44+00:00,/home/dominik/Links/SC2Reps/Ice and Chrome LE (13).SC2Replay,True,Protoss,Zerg,0,0,A.I. 1 (Elite),Ice and Chrome LE,516,0
2020-06-29 20:54:18+00:00,/home/dominik/Links/SC2Reps/Ever Dream LE (32).SC2Replay,False,Protoss,Protoss,4047,4037,Nerevars,Ever Dream LE,1142,10
2020-06-30 08:17:25+00:00,/home/dominik/Links/SC2Reps/Ice and Chrome LE (14).SC2Replay,True,Protoss,Protoss,4025,3994,LaCruz,Ice and Chrome LE,806,31
2020-07-01 08:34:14+00:00,/home/dominik/Links/SC2Reps/Deathaura LE (7).SC2Replay,True,Protoss,Terran,4046,3850,etwasAnderes,Deathaura LE,649,196
2020-07-01 08:45:58+00:00,/home/dominik/Links/SC2Reps/Submarine LE (7).SC2Replay,True,Protoss,Terran,4062,4064,wickedsick,Submarine LE,673,-2
2020-07-02 19:08:54+00:00,/home/dominik/Links/SC2Reps/Ever Dream LE (33).SC2Replay,True,Protoss,Zerg,4084,4114,XenoSlimE,Ever Dream LE,828,-30
2020-07-02 19:17:59+00:00,/home/dominik/Links/SC2Reps/Ice and Chrome LE (15).SC2Replay,True,Protoss,Protoss,4106,4090,iloveyou,Ice and Chrome LE,440,16
2020-07-02 19:24:56+00:00,/home/dominik/Links/SC2Reps/Golden Wall LE (24).SC2Replay,False,Protoss,Terran,4127,4187,Pulsar,Golden Wall LE,345,-60
2020-07-04 16:35:39+00:00,/home/dominik/Links/SC2Reps/Golden Wall LE (24).SC2Replay,False,Protoss,Protoss,4086,4096,Omulus,Golden Wall LE,229,-10
2020-07-05 10:44:07+00:00,/home/dominik/Links/SC2Reps/Deathaura LE (9).SC2Replay,True,Protoss,Zerg,4065,3953,Karasuman,Deathaura LE,452,112
2020-07-05 10:50:17+00:00,/home/dominik/Links/SC2Reps/Submarine LE (10).SC2Replay,False,Protoss,Zerg,4083,4153,VirusRC,Submarine LE,286,-70
2020-07-05 10:59:41+00:00,/home/dominik/Links/SC2Reps/Submarine LE (11).SC2Replay,True,Protoss,Zerg,4064,4173,VirusRC,Submarine LE,524,-109
2020-07-05 11:18:47+00:00,/home/dominik/Links/SC2Reps/Ice and Chrome LE (18).SC2Replay,True,Protoss,Terran,4089,4105,LilaC,Ice and Chrome LE,1065,-16
2020-07-06 11:36:49+00:00,/home/dominik/Links/SC2Reps/Pillars of Gold LE (10).SC2Replay,False,Protoss,Terran,4111,4357,JCIPOWER,Pillars of Gold LE,925,-246
2020-07-06 11:46:51+00:00,/home/dominik/Links/SC2Reps/Submarine LE (12).SC2Replay,True,Protoss,Protoss,4096,3884,Satori,Submarine LE,411,212
